timestamp, index, utilization.gpu [%], utilization.memory [%], memory.used [MiB], power.draw [W]
2026/09/22 12:23:35.080, 0, 0 %, 0 %, 107 MiB, 43.98 W
2026/09/22 12:23:35.081, 1, 0 %, 0 %, 107 MiB, 42.49 W
2026/09/22 12:23:35.083, 2, 0 %, 0 %, 107 MiB, 43.04 W
2026/09/22 12:23:35.084, 3, 0 %, 0 %, 107 MiB, 42.52 W
2026/09/22 12:23:36.086, 0, 0 %, 0 %, 111 MiB, 43.98 W
2026/09/22 12:23:36.088, 1, 0 %, 0 %, 111 MiB, 42.49 W
2026/09/22 12:23:36.089, 2, 0 %, 0 %, 111 MiB, 43.04 W
2026/09/22 12:23:36.090, 3, 0 %, 0 %, 111 MiB, 42.52 W
2026/09/22 12:23:37.093, 0, 0 %, 0 %, 429 MiB, 61.41 W
2026/09/22 12:23:37.094, 1, 0 %, 0 %, 429 MiB, 59.42 W
2026/09/22 12:23:37.095, 2, 0 %, 0 %, 429 MiB, 59.50 W
2026/09/22 12:23:37.096, 3, 0 %, 0 %, 429 MiB, 58.98 W
2026/09/22 12:23:38.098, 0, 26 %, 2 %, 599 MiB, 63.31 W
2026/09/22 12:23:38.099, 1, 27 %, 2 %, 599 MiB, 60.32 W
2026/09/22 12:23:38.100, 2, 24 %, 2 %, 547 MiB, 60.47 W
2026/09/22 12:23:38.101, 3, 24 %, 2 %, 547 MiB, 59.95 W
2026/09/22 12:23:39.104, 0, 23 %, 2 %, 663 MiB, 61.89 W
2026/09/22 12:23:39.105, 1, 27 %, 1 %, 843 MiB, 62.26 W
2026/09/22 12:23:39.106, 2, 25 %, 2 %, 663 MiB, 60.47 W
2026/09/22 12:23:39.107, 3, 27 %, 2 %, 663 MiB, 59.46 W
2026/09/22 12:23:40.109, 0, 24 %, 2 %, 1049 MiB, 62.34 W
2026/09/22 12:23:40.110, 1, 28 %, 2 %, 787 MiB, 59.83 W
2026/09/22 12:23:40.111, 2, 26 %, 2 %, 1049 MiB, 59.99 W
2026/09/22 12:23:40.114, 3, 25 %, 1 %, 1049 MiB, 59.91 W
2026/09/22 12:23:41.116, 0, 27 %, 2 %, 883 MiB, 62.34 W
2026/09/22 12:23:41.117, 1, 27 %, 2 %, 1305 MiB, 60.32 W
2026/09/22 12:23:41.118, 2, 22 %, 1 %, 1305 MiB, 64.81 W
2026/09/22 12:23:41.119, 3, 20 %, 1 %, 883 MiB, 60.40 W
2026/09/22 12:23:42.121, 0, 31 %, 3 %, 1011 MiB, 61.89 W
2026/09/22 12:23:42.122, 1, 23 %, 1 %, 1011 MiB, 60.36 W
2026/09/22 12:23:42.124, 2, 27 %, 1 %, 1011 MiB, 59.99 W
2026/09/22 12:23:42.125, 3, 21 %, 1 %, 1011 MiB, 59.95 W
2026/09/22 12:23:43.127, 0, 25 %, 1 %, 1117 MiB, 62.34 W
2026/09/22 12:23:43.128, 1, 19 %, 1 %, 1797 MiB, 61.33 W
2026/09/22 12:23:43.129, 2, 18 %, 1 %, 1117 MiB, 60.47 W
2026/09/22 12:23:43.131, 3, 25 %, 2 %, 1117 MiB, 59.46 W
2026/09/22 12:23:44.133, 0, 25 %, 1 %, 1247 MiB, 63.35 W
2026/09/22 12:23:44.135, 1, 23 %, 2 %, 1247 MiB, 60.36 W
2026/09/22 12:23:44.136, 2, 26 %, 1 %, 1247 MiB, 59.99 W
2026/09/22 12:23:44.138, 3, 21 %, 1 %, 1247 MiB, 60.88 W
2026/09/22 12:23:45.142, 0, 20 %, 1 %, 2225 MiB, 62.83 W
2026/09/22 12:23:45.144, 1, 31 %, 3 %, 2225 MiB, 59.83 W
2026/09/22 12:23:45.145, 2, 39 %, 4 %, 2225 MiB, 60.47 W
2026/09/22 12:23:45.146, 3, 26 %, 1 %, 2225 MiB, 80.76 W
2026/09/22 12:23:46.148, 0, 24 %, 1 %, 2397 MiB, 63.31 W
2026/09/22 12:23:46.149, 1, 24 %, 1 %, 1493 MiB, 59.38 W
2026/09/22 12:23:46.150, 2, 21 %, 1 %, 2397 MiB, 60.47 W
2026/09/22 12:23:46.151, 3, 21 %, 1 %, 2397 MiB, 59.95 W
2026/09/22 12:23:47.155, 0, 25 %, 1 %, 1593 MiB, 62.83 W
2026/09/22 12:23:47.156, 1, 25 %, 2 %, 1593 MiB, 60.36 W
2026/09/22 12:23:47.157, 2, 22 %, 1 %, 1593 MiB, 59.99 W
2026/09/22 12:23:47.158, 3, 21 %, 1 %, 2587 MiB, 59.46 W
2026/09/22 12:23:48.160, 0, 25 %, 1 %, 1703 MiB, 62.87 W
2026/09/22 12:23:48.161, 1, 12 %, 1 %, 1703 MiB, 60.36 W
2026/09/22 12:23:48.162, 2, 34 %, 3 %, 1703 MiB, 59.99 W
2026/09/22 12:23:48.164, 3, 21 %, 1 %, 1703 MiB, 59.95 W
2026/09/22 12:23:49.166, 0, 25 %, 1 %, 1823 MiB, 62.87 W
2026/09/22 12:23:49.167, 1, 24 %, 3 %, 1823 MiB, 60.84 W
2026/09/22 12:23:49.168, 2, 21 %, 1 %, 1823 MiB, 59.99 W
2026/09/22 12:23:49.169, 3, 21 %, 1 %, 1823 MiB, 60.92 W
2026/09/22 12:23:50.171, 0, 24 %, 1 %, 1955 MiB, 65.26 W
2026/09/22 12:23:50.172, 1, 35 %, 2 %, 1955 MiB, 60.84 W
2026/09/22 12:23:50.173, 2, 21 %, 1 %, 3279 MiB, 60.47 W
2026/09/22 12:23:50.176, 3, 21 %, 1 %, 3279 MiB, 59.95 W
2026/09/22 12:23:51.178, 0, 25 %, 1 %, 3557 MiB, 66.71 W
2026/09/22 12:23:51.179, 1, 25 %, 1 %, 3557 MiB, 60.80 W
2026/09/22 12:23:51.180, 2, 21 %, 1 %, 3557 MiB, 60.47 W
2026/09/22 12:23:51.181, 3, 24 %, 5 %, 3557 MiB, 59.95 W
2026/09/22 12:23:52.183, 0, 39 %, 2 %, 3863 MiB, 66.71 W
2026/09/22 12:23:52.186, 1, 30 %, 6 %, 3863 MiB, 61.25 W
2026/09/22 12:23:52.187, 2, 38 %, 2 %, 3863 MiB, 66.76 W
2026/09/22 12:23:52.188, 3, 38 %, 2 %, 2101 MiB, 60.40 W
2026/09/22 12:23:53.190, 0, 0 %, 0 %, 2261 MiB, 67.20 W
2026/09/22 12:23:53.191, 1, 31 %, 2 %, 2261 MiB, 61.29 W
2026/09/22 12:23:53.192, 2, 6 %, 1 %, 2261 MiB, 59.99 W
2026/09/22 12:23:53.193, 3, 32 %, 3 %, 2261 MiB, 59.42 W
2026/09/22 12:23:54.196, 0, 24 %, 1 %, 4199 MiB, 66.67 W
2026/09/22 12:23:54.197, 1, 25 %, 1 %, 2437 MiB, 60.80 W
2026/09/22 12:23:54.198, 2, 21 %, 1 %, 4199 MiB, 60.51 W
2026/09/22 12:23:54.199, 3, 20 %, 1 %, 4199 MiB, 59.95 W
2026/09/22 12:23:55.202, 0, 29 %, 7 %, 4569 MiB, 66.67 W
2026/09/22 12:23:55.203, 1, 27 %, 1 %, 4569 MiB, 64.16 W
2026/09/22 12:23:55.204, 2, 38 %, 2 %, 4569 MiB, 90.96 W
2026/09/22 12:23:55.205, 3, 38 %, 2 %, 2437 MiB, 60.36 W
2026/09/22 12:23:56.208, 0, 0 %, 0 %, 2631 MiB, 66.23 W
2026/09/22 12:23:56.209, 1, 0 %, 0 %, 2631 MiB, 71.00 W
2026/09/22 12:23:56.210, 2, 31 %, 2 %, 2631 MiB, 59.99 W
2026/09/22 12:23:56.211, 3, 20 %, 1 %, 2631 MiB, 64.28 W
2026/09/22 12:23:57.213, 0, 25 %, 1 %, 4975 MiB, 66.67 W
2026/09/22 12:23:57.214, 1, 31 %, 1 %, 4975 MiB, 71.97 W
2026/09/22 12:23:57.216, 2, 27 %, 7 %, 4975 MiB, 60.44 W
2026/09/22 12:23:57.218, 3, 34 %, 8 %, 4975 MiB, 62.38 W
2026/09/22 12:23:58.220, 0, 6 %, 0 %, 2843 MiB, 73.47 W
2026/09/22 12:23:58.221, 1, 0 %, 0 %, 2843 MiB, 71.92 W
2026/09/22 12:23:58.222, 2, 36 %, 4 %, 2843 MiB, 59.95 W
2026/09/22 12:23:58.223, 3, 45 %, 5 %, 2843 MiB, 71.04 W
2026/09/22 12:23:59.225, 0, 25 %, 1 %, 5423 MiB, 73.03 W
2026/09/22 12:23:59.226, 1, 31 %, 1 %, 5423 MiB, 72.40 W
2026/09/22 12:23:59.227, 2, 21 %, 1 %, 5423 MiB, 60.47 W
2026/09/22 12:23:59.229, 3, 28 %, 8 %, 5423 MiB, 71.04 W
2026/09/22 12:24:00.231, 0, 0 %, 0 %, 3079 MiB, 74.44 W
2026/09/22 12:24:00.232, 1, 40 %, 5 %, 3079 MiB, 71.92 W
2026/09/22 12:24:00.233, 2, 48 %, 6 %, 3079 MiB, 72.60 W
2026/09/22 12:24:00.234, 3, 48 %, 5 %, 3079 MiB, 71.04 W
2026/09/22 12:24:01.238, 0, 25 %, 1 %, 5915 MiB, 75.36 W
2026/09/22 12:24:01.239, 1, 39 %, 10 %, 5915 MiB, 72.40 W
2026/09/22 12:24:01.240, 2, 38 %, 10 %, 5915 MiB, 73.03 W
2026/09/22 12:24:01.241, 3, 42 %, 10 %, 5915 MiB, 71.48 W
2026/09/22 12:24:02.244, 0, 0 %, 0 %, 3335 MiB, 74.93 W
2026/09/22 12:24:02.245, 1, 32 %, 1 %, 5915 MiB, 71.92 W
2026/09/22 12:24:02.247, 2, 21 %, 1 %, 5915 MiB, 73.03 W
2026/09/22 12:24:02.248, 3, 21 %, 1 %, 5915 MiB, 71.04 W
2026/09/22 12:24:03.251, 0, 39 %, 2 %, 3403 MiB, 75.85 W
2026/09/22 12:24:03.252, 1, 39 %, 2 %, 3403 MiB, 72.84 W
2026/09/22 12:24:03.253, 2, 38 %, 2 %, 3403 MiB, 73.52 W
2026/09/22 12:24:03.254, 3, 38 %, 2 %, 3403 MiB, 71.97 W
2026/09/22 12:24:04.256, 0, 39 %, 2 %, 3553 MiB, 75.85 W
2026/09/22 12:24:04.257, 1, 38 %, 2 %, 3555 MiB, 72.84 W
2026/09/22 12:24:04.258, 2, 38 %, 2 %, 3553 MiB, 73.52 W
2026/09/22 12:24:04.259, 3, 38 %, 2 %, 3553 MiB, 71.97 W
2026/09/22 12:24:05.261, 0, 96 %, 24 %, 4589 MiB, 126.24 W
2026/09/22 12:24:05.263, 1, 95 %, 27 %, 4591 MiB, 117.38 W
2026/09/22 12:24:05.264, 2, 97 %, 25 %, 4137 MiB, 113.97 W
2026/09/22 12:24:05.266, 3, 97 %, 25 %, 4131 MiB, 108.09 W
2026/09/22 12:24:06.269, 0, 97 %, 25 %, 4133 MiB, 122.93 W
2026/09/22 12:24:06.270, 1, 97 %, 25 %, 4135 MiB, 121.73 W
2026/09/22 12:24:06.271, 2, 96 %, 28 %, 4137 MiB, 125.44 W
2026/09/22 12:24:06.273, 3, 96 %, 28 %, 4131 MiB, 123.82 W
2026/09/22 12:24:07.275, 0, 97 %, 26 %, 4135 MiB, 124.79 W
2026/09/22 12:24:07.276, 1, 97 %, 25 %, 4133 MiB, 120.76 W
2026/09/22 12:24:07.277, 2, 96 %, 28 %, 4137 MiB, 118.82 W
2026/09/22 12:24:07.278, 3, 95 %, 28 %, 4129 MiB, 111.89 W
2026/09/22 12:24:08.281, 0, 98 %, 26 %, 4135 MiB, 123.90 W
2026/09/22 12:24:08.282, 1, 97 %, 25 %, 4135 MiB, 118.43 W
2026/09/22 12:24:08.283, 2, 96 %, 28 %, 4137 MiB, 114.53 W
2026/09/22 12:24:08.284, 3, 96 %, 28 %, 4129 MiB, 110.03 W
2026/09/22 12:24:09.286, 0, 97 %, 27 %, 4133 MiB, 127.69 W
2026/09/22 12:24:09.289, 1, 97 %, 26 %, 4135 MiB, 124.06 W
2026/09/22 12:24:09.290, 2, 97 %, 28 %, 4137 MiB, 121.64 W
2026/09/22 12:24:09.291, 3, 96 %, 28 %, 4131 MiB, 114.79 W
2026/09/22 12:24:10.293, 0, 96 %, 28 %, 4133 MiB, 128.17 W
2026/09/22 12:24:10.294, 1, 97 %, 26 %, 4135 MiB, 124.54 W
2026/09/22 12:24:10.296, 2, 97 %, 27 %, 4137 MiB, 126.89 W
2026/09/22 12:24:10.297, 3, 96 %, 27 %, 4131 MiB, 126.15 W
2026/09/22 12:24:11.299, 0, 95 %, 29 %, 4133 MiB, 129.05 W
2026/09/22 12:24:11.300, 1, 97 %, 27 %, 4135 MiB, 125.99 W
2026/09/22 12:24:11.301, 2, 98 %, 26 %, 4137 MiB, 128.34 W
2026/09/22 12:24:11.302, 3, 97 %, 26 %, 4131 MiB, 127.12 W
2026/09/22 12:24:12.308, 0, 41 %, 1 %, 4133 MiB, 75.85 W
2026/09/22 12:24:12.309, 1, 41 %, 1 %, 4135 MiB, 73.33 W
2026/09/22 12:24:12.310, 2, 36 %, 1 %, 4137 MiB, 74.01 W
2026/09/22 12:24:12.311, 3, 36 %, 1 %, 4131 MiB, 72.94 W
2026/09/22 12:24:13.317, 0, 97 %, 26 %, 4133 MiB, 130.98 W
2026/09/22 12:24:13.318, 1, 97 %, 28 %, 4135 MiB, 126.95 W
2026/09/22 12:24:13.319, 2, 97 %, 27 %, 4137 MiB, 128.34 W
2026/09/22 12:24:13.320, 3, 97 %, 26 %, 4131 MiB, 127.12 W
2026/09/22 12:24:14.322, 0, 97 %, 26 %, 4589 MiB, 128.65 W
2026/09/22 12:24:14.324, 1, 96 %, 29 %, 4135 MiB, 123.17 W
2026/09/22 12:24:14.325, 2, 97 %, 29 %, 4137 MiB, 121.73 W
2026/09/22 12:24:14.326, 3, 97 %, 26 %, 4131 MiB, 116.24 W
2026/09/22 12:24:15.328, 0, 97 %, 26 %, 4133 MiB, 130.98 W
2026/09/22 12:24:15.329, 1, 97 %, 26 %, 4135 MiB, 126.86 W
2026/09/22 12:24:15.330, 2, 98 %, 27 %, 4137 MiB, 129.79 W
2026/09/22 12:24:15.331, 3, 97 %, 27 %, 4131 MiB, 129.05 W
2026/09/22 12:24:16.333, 0, 96 %, 30 %, 4133 MiB, 131.46 W
2026/09/22 12:24:16.334, 1, 96 %, 29 %, 4135 MiB, 127.43 W
2026/09/22 12:24:16.335, 2, 98 %, 27 %, 4137 MiB, 130.27 W
2026/09/22 12:24:16.336, 3, 97 %, 28 %, 4131 MiB, 128.57 W
2026/09/22 12:24:17.339, 0, 96 %, 29 %, 4589 MiB, 130.59 W
2026/09/22 12:24:17.340, 1, 97 %, 28 %, 4135 MiB, 121.24 W
2026/09/22 12:24:17.341, 2, 98 %, 27 %, 4137 MiB, 119.79 W
2026/09/22 12:24:17.343, 3, 96 %, 29 %, 4131 MiB, 113.82 W
2026/09/22 12:24:18.345, 0, 89 %, 26 %, 4133 MiB, 128.17 W
2026/09/22 12:24:18.347, 1, 87 %, 26 %, 4135 MiB, 122.21 W
2026/09/22 12:24:18.348, 2, 97 %, 27 %, 4137 MiB, 118.26 W
2026/09/22 12:24:18.349, 3, 96 %, 29 %, 4131 MiB, 113.82 W
2026/09/22 12:24:19.352, 0, 97 %, 27 %, 4133 MiB, 131.95 W
2026/09/22 12:24:19.353, 1, 97 %, 27 %, 4135 MiB, 128.31 W
2026/09/22 12:24:19.355, 2, 98 %, 27 %, 4137 MiB, 130.76 W
2026/09/22 12:24:19.356, 3, 97 %, 27 %, 4131 MiB, 130.01 W
2026/09/22 12:24:20.358, 0, 41 %, 1 %, 4133 MiB, 76.82 W
2026/09/22 12:24:20.360, 1, 41 %, 1 %, 4135 MiB, 73.81 W
2026/09/22 12:24:20.361, 2, 36 %, 1 %, 4137 MiB, 74.49 W
2026/09/22 12:24:20.362, 3, 36 %, 1 %, 4131 MiB, 73.42 W
2026/09/22 12:24:21.364, 0, 97 %, 27 %, 4133 MiB, 134.27 W
2026/09/22 12:24:21.365, 1, 97 %, 27 %, 4591 MiB, 124.54 W
2026/09/22 12:24:21.367, 2, 96 %, 30 %, 4595 MiB, 128.34 W
2026/09/22 12:24:21.368, 3, 97 %, 27 %, 4583 MiB, 125.75 W
2026/09/22 12:24:22.370, 0, 97 %, 28 %, 4133 MiB, 132.91 W
2026/09/22 12:24:22.372, 1, 96 %, 30 %, 4135 MiB, 128.79 W
2026/09/22 12:24:22.373, 2, 98 %, 27 %, 4137 MiB, 130.67 W
2026/09/22 12:24:22.374, 3, 97 %, 28 %, 4131 MiB, 130.01 W
2026/09/22 12:24:23.376, 0, 97 %, 28 %, 4133 MiB, 127.69 W
2026/09/22 12:24:23.377, 1, 97 %, 27 %, 4135 MiB, 124.54 W
2026/09/22 12:24:23.379, 2, 97 %, 29 %, 4137 MiB, 126.89 W
2026/09/22 12:24:23.380, 3, 96 %, 28 %, 4131 MiB, 126.64 W
2026/09/22 12:24:24.382, 0, 97 %, 27 %, 4133 MiB, 132.91 W
2026/09/22 12:24:24.383, 1, 97 %, 29 %, 4135 MiB, 128.79 W
2026/09/22 12:24:24.384, 2, 98 %, 27 %, 4137 MiB, 131.15 W
2026/09/22 12:24:24.385, 3, 97 %, 27 %, 4131 MiB, 130.01 W
2026/09/22 12:24:25.388, 0, 96 %, 29 %, 4133 MiB, 132.43 W
2026/09/22 12:24:25.389, 1, 98 %, 27 %, 4135 MiB, 128.88 W
2026/09/22 12:24:25.390, 2, 97 %, 28 %, 4137 MiB, 130.27 W
2026/09/22 12:24:25.391, 3, 96 %, 29 %, 4131 MiB, 129.53 W
2026/09/22 12:24:26.393, 0, 97 %, 27 %, 4133 MiB, 132.43 W
2026/09/22 12:24:26.394, 1, 97 %, 28 %, 4135 MiB, 128.79 W
2026/09/22 12:24:26.395, 2, 98 %, 27 %, 4137 MiB, 131.73 W
2026/09/22 12:24:26.396, 3, 97 %, 27 %, 4131 MiB, 127.20 W
2026/09/22 12:24:27.399, 0, 97 %, 28 %, 4133 MiB, 133.40 W
2026/09/22 12:24:27.400, 1, 97 %, 27 %, 4135 MiB, 128.79 W
2026/09/22 12:24:27.401, 2, 97 %, 28 %, 4137 MiB, 131.24 W
2026/09/22 12:24:27.402, 3, 96 %, 30 %, 4131 MiB, 130.50 W
2026/09/22 12:24:28.404, 0, 41 %, 1 %, 4133 MiB, 76.82 W
2026/09/22 12:24:28.405, 1, 41 %, 1 %, 4135 MiB, 73.81 W
2026/09/22 12:24:28.406, 2, 36 %, 1 %, 4137 MiB, 74.98 W
2026/09/22 12:24:28.407, 3, 36 %, 1 %, 4131 MiB, 73.42 W
2026/09/22 12:24:29.410, 0, 97 %, 27 %, 4133 MiB, 132.91 W
2026/09/22 12:24:29.411, 1, 95 %, 30 %, 4135 MiB, 129.27 W
2026/09/22 12:24:29.414, 2, 98 %, 27 %, 4137 MiB, 132.12 W
2026/09/22 12:24:29.415, 3, 97 %, 28 %, 4131 MiB, 131.46 W
2026/09/22 12:24:30.417, 0, 96 %, 30 %, 4133 MiB, 131.95 W
2026/09/22 12:24:30.418, 1, 97 %, 27 %, 4135 MiB, 128.31 W
2026/09/22 12:24:30.419, 2, 97 %, 30 %, 4137 MiB, 130.76 W
2026/09/22 12:24:30.421, 3, 96 %, 27 %, 4131 MiB, 130.50 W
2026/09/22 12:24:31.423, 0, 98 %, 27 %, 4133 MiB, 132.43 W
2026/09/22 12:24:31.424, 1, 96 %, 29 %, 4135 MiB, 127.35 W
2026/09/22 12:24:31.425, 2, 98 %, 27 %, 4137 MiB, 131.64 W
2026/09/22 12:24:31.427, 3, 97 %, 27 %, 4131 MiB, 130.50 W
2026/09/22 12:24:32.429, 0, 97 %, 29 %, 4133 MiB, 134.36 W
2026/09/22 12:24:32.432, 1, 97 %, 27 %, 4135 MiB, 130.24 W
2026/09/22 12:24:32.433, 2, 97 %, 28 %, 4137 MiB, 132.12 W
2026/09/22 12:24:32.434, 3, 96 %, 30 %, 4131 MiB, 131.46 W
2026/09/22 12:24:33.436, 0, 96 %, 27 %, 4133 MiB, 128.65 W
2026/09/22 12:24:33.437, 1, 97 %, 28 %, 4135 MiB, 125.99 W
2026/09/22 12:24:33.438, 2, 97 %, 28 %, 4137 MiB, 128.82 W
2026/09/22 12:24:33.439, 3, 97 %, 27 %, 4131 MiB, 128.17 W
2026/09/22 12:24:34.441, 0, 98 %, 28 %, 4133 MiB, 133.88 W
2026/09/22 12:24:34.442, 1, 96 %, 29 %, 4135 MiB, 129.76 W
2026/09/22 12:24:34.444, 2, 98 %, 27 %, 4137 MiB, 132.60 W
2026/09/22 12:24:34.445, 3, 97 %, 29 %, 4131 MiB, 131.46 W
2026/09/22 12:24:35.447, 0, 97 %, 30 %, 4133 MiB, 133.88 W
2026/09/22 12:24:35.448, 1, 97 %, 27 %, 4135 MiB, 129.76 W
2026/09/22 12:24:35.449, 2, 97 %, 31 %, 4137 MiB, 132.12 W
2026/09/22 12:24:35.450, 3, 96 %, 28 %, 4131 MiB, 131.46 W
2026/09/22 12:24:36.453, 0, 41 %, 1 %, 4133 MiB, 77.31 W
2026/09/22 12:24:36.454, 1, 41 %, 1 %, 4135 MiB, 74.30 W
2026/09/22 12:24:36.455, 2, 36 %, 1 %, 4137 MiB, 75.46 W
2026/09/22 12:24:36.456, 3, 36 %, 1 %, 4131 MiB, 73.91 W
2026/09/22 12:24:37.458, 0, 97 %, 28 %, 4133 MiB, 132.43 W
2026/09/22 12:24:37.460, 1, 96 %, 29 %, 4135 MiB, 124.62 W
2026/09/22 12:24:37.461, 2, 97 %, 28 %, 4137 MiB, 122.69 W
2026/09/22 12:24:37.462, 3, 97 %, 29 %, 4131 MiB, 117.21 W
2026/09/22 12:24:38.464, 0, 97 %, 30 %, 4133 MiB, 134.36 W
2026/09/22 12:24:38.465, 1, 97 %, 27 %, 4135 MiB, 130.24 W
2026/09/22 12:24:38.466, 2, 96 %, 30 %, 4137 MiB, 132.60 W
2026/09/22 12:24:38.468, 3, 97 %, 27 %, 4131 MiB, 131.95 W
2026/09/22 12:24:39.470, 0, 98 %, 28 %, 4133 MiB, 131.07 W
2026/09/22 12:24:39.471, 1, 97 %, 29 %, 4135 MiB, 127.43 W
2026/09/22 12:24:39.472, 2, 97 %, 28 %, 4137 MiB, 130.76 W
2026/09/22 12:24:39.473, 3, 97 %, 27 %, 4131 MiB, 129.53 W
2026/09/22 12:24:40.475, 0, 98 %, 28 %, 4133 MiB, 133.88 W
2026/09/22 12:24:40.476, 1, 96 %, 29 %, 4135 MiB, 128.40 W
2026/09/22 12:24:40.478, 2, 97 %, 28 %, 4137 MiB, 131.15 W
2026/09/22 12:24:40.479, 3, 97 %, 29 %, 4131 MiB, 128.08 W
2026/09/22 12:24:41.481, 0, 97 %, 30 %, 4133 MiB, 135.33 W
2026/09/22 12:24:41.482, 1, 97 %, 28 %, 4135 MiB, 130.72 W
2026/09/22 12:24:41.483, 2, 97 %, 30 %, 4137 MiB, 133.57 W
2026/09/22 12:24:41.484, 3, 96 %, 29 %, 4131 MiB, 132.43 W
2026/09/22 12:24:42.486, 0, 97 %, 28 %, 4133 MiB, 134.84 W
2026/09/22 12:24:42.487, 1, 97 %, 28 %, 4135 MiB, 130.24 W
2026/09/22 12:24:42.489, 2, 97 %, 29 %, 4137 MiB, 133.09 W
2026/09/22 12:24:42.490, 3, 97 %, 27 %, 4131 MiB, 131.95 W
2026/09/22 12:24:43.492, 0, 97 %, 28 %, 4133 MiB, 129.05 W
2026/09/22 12:24:43.493, 1, 96 %, 30 %, 4135 MiB, 125.99 W
2026/09/22 12:24:43.494, 2, 97 %, 28 %, 4137 MiB, 132.12 W
2026/09/22 12:24:43.518, 3, 97 %, 28 %, 4131 MiB, 131.95 W
2026/09/22 12:24:44.521, 0, 45 %, 1 %, 4133 MiB, 77.79 W
2026/09/22 12:24:44.522, 1, 41 %, 1 %, 4135 MiB, 74.30 W
2026/09/22 12:24:44.523, 2, 36 %, 1 %, 4137 MiB, 75.46 W
2026/09/22 12:24:44.524, 3, 36 %, 1 %, 4131 MiB, 74.39 W
2026/09/22 12:24:45.526, 0, 97 %, 30 %, 4589 MiB, 133.40 W
2026/09/22 12:24:45.527, 1, 96 %, 29 %, 4591 MiB, 128.79 W
2026/09/22 12:24:45.528, 2, 97 %, 30 %, 4595 MiB, 128.91 W
2026/09/22 12:24:45.530, 3, 96 %, 29 %, 4131 MiB, 121.00 W
2026/09/22 12:24:46.532, 0, 97 %, 28 %, 4133 MiB, 134.84 W
2026/09/22 12:24:46.533, 1, 97 %, 28 %, 4135 MiB, 125.50 W
2026/09/22 12:24:46.534, 2, 97 %, 29 %, 4137 MiB, 129.39 W
2026/09/22 12:24:46.535, 3, 97 %, 27 %, 4131 MiB, 120.03 W
2026/09/22 12:24:47.537, 0, 97 %, 28 %, 4133 MiB, 136.29 W
2026/09/22 12:24:47.539, 1, 97 %, 28 %, 4135 MiB, 131.20 W
2026/09/22 12:24:47.540, 2, 97 %, 28 %, 4137 MiB, 134.06 W
2026/09/22 12:24:47.541, 3, 97 %, 28 %, 4131 MiB, 133.31 W
2026/09/22 12:24:48.543, 0, 98 %, 28 %, 4133 MiB, 131.55 W
2026/09/22 12:24:48.544, 1, 97 %, 28 %, 4135 MiB, 121.73 W
2026/09/22 12:24:48.545, 2, 97 %, 29 %, 4137 MiB, 116.88 W
2026/09/22 12:24:48.548, 3, 97 %, 28 %, 4131 MiB, 112.37 W
2026/09/22 12:24:49.550, 0, 97 %, 28 %, 4133 MiB, 135.81 W
2026/09/22 12:24:49.551, 1, 97 %, 29 %, 4135 MiB, 131.20 W
2026/09/22 12:24:49.552, 2, 98 %, 28 %, 4137 MiB, 134.06 W
2026/09/22 12:24:49.553, 3, 97 %, 29 %, 4131 MiB, 132.82 W
2026/09/22 12:24:50.555, 0, 97 %, 29 %, 4133 MiB, 135.81 W
2026/09/22 12:24:50.556, 1, 96 %, 30 %, 4135 MiB, 131.68 W
2026/09/22 12:24:50.558, 2, 96 %, 28 %, 4137 MiB, 134.06 W
2026/09/22 12:24:50.559, 3, 97 %, 28 %, 4131 MiB, 133.79 W
2026/09/22 12:24:51.561, 0, 96 %, 30 %, 4133 MiB, 135.81 W
2026/09/22 12:24:51.562, 1, 96 %, 31 %, 4135 MiB, 130.72 W
2026/09/22 12:24:51.563, 2, 97 %, 29 %, 4137 MiB, 134.06 W
2026/09/22 12:24:51.564, 3, 97 %, 29 %, 4131 MiB, 132.43 W
2026/09/22 12:24:52.567, 0, 41 %, 1 %, 4133 MiB, 79.73 W
2026/09/22 12:24:52.568, 1, 40 %, 4 %, 4135 MiB, 75.75 W
2026/09/22 12:24:52.569, 2, 36 %, 1 %, 4137 MiB, 75.95 W
2026/09/22 12:24:52.570, 3, 36 %, 1 %, 4131 MiB, 74.39 W
2026/09/22 12:24:53.572, 0, 97 %, 30 %, 4133 MiB, 131.46 W
2026/09/22 12:24:53.573, 1, 96 %, 28 %, 4135 MiB, 127.35 W
2026/09/22 12:24:53.575, 2, 96 %, 31 %, 4137 MiB, 130.76 W
2026/09/22 12:24:53.577, 3, 96 %, 30 %, 4131 MiB, 130.50 W
2026/09/22 12:24:54.579, 0, 96 %, 29 %, 4133 MiB, 130.01 W
2026/09/22 12:24:54.580, 1, 97 %, 28 %, 4135 MiB, 126.47 W
2026/09/22 12:24:54.581, 2, 96 %, 30 %, 4137 MiB, 129.31 W
2026/09/22 12:24:54.582, 3, 96 %, 30 %, 4131 MiB, 129.05 W
2026/09/22 12:24:55.585, 0, 97 %, 28 %, 4133 MiB, 128.65 W
2026/09/22 12:24:55.586, 1, 97 %, 28 %, 4135 MiB, 125.99 W
2026/09/22 12:24:55.588, 2, 97 %, 30 %, 4137 MiB, 128.82 W
2026/09/22 12:24:55.589, 3, 96 %, 30 %, 4131 MiB, 128.57 W
2026/09/22 12:24:56.591, 0, 97 %, 28 %, 4133 MiB, 131.07 W
2026/09/22 12:24:56.592, 1, 97 %, 28 %, 4135 MiB, 125.99 W
2026/09/22 12:24:56.593, 2, 97 %, 29 %, 4137 MiB, 129.31 W
2026/09/22 12:24:56.595, 3, 96 %, 29 %, 4131 MiB, 129.05 W
2026/09/22 12:24:57.597, 0, 96 %, 28 %, 4133 MiB, 131.95 W
2026/09/22 12:24:57.598, 1, 97 %, 28 %, 4135 MiB, 127.91 W
2026/09/22 12:24:57.599, 2, 97 %, 29 %, 4137 MiB, 130.76 W
2026/09/22 12:24:57.600, 3, 96 %, 29 %, 4131 MiB, 130.01 W
2026/09/22 12:24:58.602, 0, 97 %, 28 %, 4133 MiB, 133.40 W
2026/09/22 12:24:58.603, 1, 97 %, 28 %, 4135 MiB, 129.27 W
2026/09/22 12:24:58.604, 2, 97 %, 30 %, 4137 MiB, 131.64 W
2026/09/22 12:24:58.605, 3, 96 %, 30 %, 4131 MiB, 130.98 W
2026/09/22 12:24:59.607, 0, 97 %, 29 %, 4133 MiB, 136.29 W
2026/09/22 12:24:59.609, 1, 97 %, 28 %, 4135 MiB, 130.72 W
2026/09/22 12:24:59.610, 2, 97 %, 30 %, 4137 MiB, 133.57 W
2026/09/22 12:24:59.611, 3, 96 %, 30 %, 4131 MiB, 132.91 W
2026/09/22 12:25:00.613, 0, 38 %, 9 %, 4133 MiB, 133.31 W
2026/09/22 12:25:00.615, 1, 66 %, 18 %, 4135 MiB, 129.76 W
2026/09/22 12:25:00.616, 2, 92 %, 29 %, 4137 MiB, 131.64 W
2026/09/22 12:25:00.618, 3, 86 %, 24 %, 4131 MiB, 130.89 W
2026/09/22 12:25:01.620, 0, 97 %, 29 %, 4133 MiB, 135.72 W
2026/09/22 12:25:01.621, 1, 97 %, 28 %, 4135 MiB, 131.20 W
2026/09/22 12:25:01.622, 2, 97 %, 30 %, 4137 MiB, 133.57 W
2026/09/22 12:25:01.623, 3, 96 %, 30 %, 4131 MiB, 132.82 W
2026/09/22 12:25:02.625, 0, 96 %, 30 %, 4133 MiB, 136.78 W
2026/09/22 12:25:02.626, 1, 96 %, 28 %, 4135 MiB, 131.68 W
2026/09/22 12:25:02.627, 2, 97 %, 29 %, 4137 MiB, 135.02 W
2026/09/22 12:25:02.628, 3, 95 %, 30 %, 4131 MiB, 133.79 W
2026/09/22 12:25:03.631, 0, 96 %, 31 %, 4133 MiB, 137.17 W
2026/09/22 12:25:03.632, 1, 96 %, 30 %, 4135 MiB, 132.17 W
2026/09/22 12:25:03.633, 2, 98 %, 29 %, 4137 MiB, 135.51 W
2026/09/22 12:25:03.634, 3, 96 %, 30 %, 4131 MiB, 134.27 W
2026/09/22 12:25:04.636, 0, 97 %, 31 %, 4133 MiB, 134.84 W
2026/09/22 12:25:04.637, 1, 95 %, 31 %, 4135 MiB, 123.66 W
2026/09/22 12:25:04.638, 2, 97 %, 29 %, 4137 MiB, 124.07 W
2026/09/22 12:25:04.639, 3, 97 %, 29 %, 4131 MiB, 119.15 W
2026/09/22 12:25:05.641, 0, 97 %, 30 %, 4589 MiB, 129.62 W
2026/09/22 12:25:05.643, 1, 96 %, 30 %, 4591 MiB, 125.99 W
2026/09/22 12:25:05.644, 2, 97 %, 29 %, 4595 MiB, 128.82 W
2026/09/22 12:25:05.645, 3, 97 %, 29 %, 4583 MiB, 128.17 W
2026/09/22 12:25:06.647, 0, 97 %, 29 %, 4133 MiB, 131.95 W
2026/09/22 12:25:06.648, 1, 97 %, 29 %, 4135 MiB, 127.43 W
2026/09/22 12:25:06.649, 2, 96 %, 31 %, 4137 MiB, 131.24 W
2026/09/22 12:25:06.650, 3, 97 %, 28 %, 4131 MiB, 130.50 W
2026/09/22 12:25:07.653, 0, 97 %, 28 %, 4133 MiB, 79.30 W
2026/09/22 12:25:07.654, 1, 85 %, 22 %, 4135 MiB, 75.32 W
2026/09/22 12:25:07.655, 2, 70 %, 17 %, 4137 MiB, 76.49 W
2026/09/22 12:25:07.656, 3, 77 %, 20 %, 4131 MiB, 75.41 W
2026/09/22 12:25:08.658, 0, 98 %, 29 %, 4133 MiB, 136.68 W
2026/09/22 12:25:08.659, 1, 97 %, 28 %, 4135 MiB, 131.60 W
2026/09/22 12:25:08.660, 2, 96 %, 32 %, 4137 MiB, 135.02 W
2026/09/22 12:25:08.661, 3, 96 %, 29 %, 4131 MiB, 133.79 W
2026/09/22 12:25:09.664, 0, 96 %, 31 %, 4133 MiB, 138.13 W
2026/09/22 12:25:09.665, 1, 96 %, 29 %, 4135 MiB, 132.65 W
2026/09/22 12:25:09.666, 2, 97 %, 29 %, 4137 MiB, 135.51 W
2026/09/22 12:25:09.667, 3, 96 %, 31 %, 4131 MiB, 135.24 W
2026/09/22 12:25:10.669, 0, 96 %, 30 %, 4133 MiB, 128.65 W
2026/09/22 12:25:10.671, 1, 96 %, 31 %, 4135 MiB, 122.29 W
2026/09/22 12:25:10.672, 2, 98 %, 29 %, 4137 MiB, 119.79 W
2026/09/22 12:25:10.673, 3, 97 %, 29 %, 4131 MiB, 114.79 W
2026/09/22 12:25:11.675, 0, 98 %, 29 %, 4133 MiB, 137.17 W
2026/09/22 12:25:11.676, 1, 97 %, 29 %, 4135 MiB, 132.17 W
2026/09/22 12:25:11.677, 2, 96 %, 31 %, 4137 MiB, 134.54 W
2026/09/22 12:25:11.678, 3, 97 %, 28 %, 4131 MiB, 133.88 W
2026/09/22 12:25:12.680, 0, 97 %, 30 %, 4133 MiB, 138.62 W
2026/09/22 12:25:12.681, 1, 96 %, 29 %, 4135 MiB, 132.65 W
2026/09/22 12:25:12.683, 2, 97 %, 30 %, 4137 MiB, 135.99 W
2026/09/22 12:25:12.684, 3, 96 %, 31 %, 4131 MiB, 131.95 W
2026/09/22 12:25:13.687, 0, 97 %, 31 %, 4133 MiB, 127.69 W
2026/09/22 12:25:13.687, 1, 96 %, 31 %, 4135 MiB, 127.91 W
2026/09/22 12:25:13.689, 2, 97 %, 29 %, 4137 MiB, 131.15 W
2026/09/22 12:25:13.690, 3, 97 %, 29 %, 4131 MiB, 131.46 W
2026/09/22 12:25:14.694, 0, 97 %, 29 %, 4133 MiB, 138.13 W
2026/09/22 12:25:14.695, 1, 97 %, 29 %, 4135 MiB, 133.13 W
2026/09/22 12:25:14.697, 2, 97 %, 32 %, 4137 MiB, 136.47 W
2026/09/22 12:25:14.698, 3, 96 %, 30 %, 4131 MiB, 135.24 W
2026/09/22 12:25:15.700, 0, 45 %, 1 %, 4133 MiB, 79.25 W
2026/09/22 12:25:15.701, 1, 41 %, 1 %, 4135 MiB, 75.26 W
2026/09/22 12:25:15.702, 2, 36 %, 1 %, 4137 MiB, 76.44 W
2026/09/22 12:25:15.704, 3, 36 %, 1 %, 4131 MiB, 75.36 W
2026/09/22 12:25:16.706, 0, 96 %, 31 %, 4133 MiB, 133.00 W
2026/09/22 12:25:16.707, 1, 95 %, 31 %, 4135 MiB, 127.83 W
2026/09/22 12:25:16.708, 2, 98 %, 29 %, 4137 MiB, 131.24 W
2026/09/22 12:25:16.709, 3, 97 %, 30 %, 4131 MiB, 130.98 W
2026/09/22 12:25:17.712, 0, 97 %, 29 %, 4133 MiB, 138.13 W
2026/09/22 12:25:17.713, 1, 97 %, 29 %, 4135 MiB, 133.13 W
2026/09/22 12:25:17.714, 2, 97 %, 32 %, 4137 MiB, 136.47 W
2026/09/22 12:25:17.715, 3, 96 %, 29 %, 4131 MiB, 135.72 W
2026/09/22 12:25:18.717, 0, 97 %, 29 %, 4133 MiB, 138.62 W
2026/09/22 12:25:18.718, 1, 97 %, 29 %, 4135 MiB, 133.13 W
2026/09/22 12:25:18.719, 2, 96 %, 31 %, 4137 MiB, 136.47 W
2026/09/22 12:25:18.720, 3, 96 %, 30 %, 4131 MiB, 135.72 W
2026/09/22 12:25:19.722, 0, 97 %, 31 %, 4133 MiB, 134.36 W
2026/09/22 12:25:19.724, 1, 95 %, 31 %, 4135 MiB, 129.76 W
2026/09/22 12:25:19.725, 2, 97 %, 29 %, 4137 MiB, 132.69 W
2026/09/22 12:25:19.726, 3, 97 %, 29 %, 4131 MiB, 132.43 W
2026/09/22 12:25:20.730, 0, 96 %, 30 %, 4133 MiB, 135.33 W
2026/09/22 12:25:20.731, 1, 97 %, 29 %, 4135 MiB, 126.38 W
2026/09/22 12:25:20.732, 2, 96 %, 32 %, 4137 MiB, 133.18 W
2026/09/22 12:25:20.735, 3, 96 %, 31 %, 4131 MiB, 130.50 W
2026/09/22 12:25:21.737, 0, 97 %, 29 %, 4133 MiB, 138.13 W
2026/09/22 12:25:21.738, 1, 95 %, 31 %, 4135 MiB, 133.04 W
2026/09/22 12:25:21.741, 2, 97 %, 30 %, 4137 MiB, 135.99 W
2026/09/22 12:25:21.742, 3, 96 %, 31 %, 4131 MiB, 135.72 W
2026/09/22 12:25:22.744, 0, 97 %, 29 %, 4133 MiB, 131.55 W
2026/09/22 12:25:22.746, 1, 96 %, 29 %, 4135 MiB, 126.95 W
2026/09/22 12:25:22.747, 2, 98 %, 29 %, 4137 MiB, 128.82 W
2026/09/22 12:25:22.748, 3, 96 %, 30 %, 4131 MiB, 129.62 W
