timestamp, index, utilization.gpu [%], memory.used [MiB], power.draw [W]
2026/09/23 11:16:18.641, 0, 0 %, 107 MiB, 43.98 W
2026/09/23 11:16:18.643, 1, 0 %, 107 MiB, 42.49 W
2026/09/23 11:16:18.644, 2, 0 %, 107 MiB, 43.04 W
2026/09/23 11:16:18.645, 3, 0 %, 107 MiB, 42.03 W
2026/09/23 11:16:28.647, 0, 0 %, 1333 MiB, 61.41 W
2026/09/23 11:16:28.650, 1, 0 %, 1331 MiB, 59.38 W
2026/09/23 11:16:28.651, 2, 0 %, 1331 MiB, 60.96 W
2026/09/23 11:16:28.652, 3, 1 %, 1333 MiB, 59.46 W
2026/09/23 11:16:38.655, 0, 64 %, 1737 MiB, 75.90 W
2026/09/23 11:16:38.656, 1, 81 %, 1739 MiB, 73.37 W
2026/09/23 11:16:38.657, 2, 58 %, 1739 MiB, 74.05 W
2026/09/23 11:16:38.658, 3, 93 %, 1739 MiB, 72.50 W
2026/09/23 11:16:48.660, 0, 50 %, 1737 MiB, 130.89 W
2026/09/23 11:16:48.661, 1, 42 %, 1739 MiB, 129.27 W
2026/09/23 11:16:48.662, 2, 54 %, 1739 MiB, 131.64 W
2026/09/23 11:16:48.663, 3, 48 %, 1739 MiB, 132.34 W
2026/09/23 11:16:58.666, 0, 40 %, 1739 MiB, 121.89 W
2026/09/23 11:16:58.667, 1, 57 %, 1739 MiB, 117.31 W
2026/09/23 11:16:58.668, 2, 36 %, 1739 MiB, 123.10 W
2026/09/23 11:16:58.669, 3, 68 %, 1901 MiB, 117.13 W
2026/09/23 11:17:08.672, 0, 91 %, 1739 MiB, 140.93 W
2026/09/23 11:17:08.673, 1, 83 %, 1739 MiB, 136.41 W
2026/09/23 11:17:08.674, 2, 91 %, 1739 MiB, 137.44 W
2026/09/23 11:17:08.675, 3, 78 %, 1741 MiB, 134.36 W
2026/09/23 11:17:18.678, 0, 33 %, 1737 MiB, 140.45 W
2026/09/23 11:17:18.679, 1, 48 %, 1739 MiB, 133.52 W
2026/09/23 11:17:18.680, 2, 34 %, 1739 MiB, 134.06 W
2026/09/23 11:17:18.681, 3, 39 %, 1739 MiB, 129.05 W
2026/09/23 11:17:28.683, 0, 81 %, 1737 MiB, 140.06 W
2026/09/23 11:17:28.685, 1, 89 %, 1739 MiB, 136.80 W
2026/09/23 11:17:28.686, 2, 85 %, 1739 MiB, 136.47 W
2026/09/23 11:17:28.687, 3, 94 %, 1739 MiB, 135.72 W
2026/09/23 11:17:38.690, 0, 92 %, 1737 MiB, 135.33 W
2026/09/23 11:17:38.691, 1, 89 %, 1739 MiB, 125.02 W
2026/09/23 11:17:38.692, 2, 90 %, 1899 MiB, 124.07 W
2026/09/23 11:17:38.693, 3, 94 %, 1899 MiB, 123.90 W
2026/09/23 11:17:48.696, 0, 92 %, 1739 MiB, 130.50 W
2026/09/23 11:17:48.697, 1, 89 %, 1739 MiB, 125.50 W
2026/09/23 11:17:48.698, 2, 91 %, 1739 MiB, 130.27 W
2026/09/23 11:17:48.699, 3, 94 %, 1741 MiB, 131.46 W
2026/09/23 11:17:58.702, 0, 93 %, 1897 MiB, 132.52 W
2026/09/23 11:17:58.703, 1, 88 %, 1899 MiB, 120.76 W
2026/09/23 11:17:58.704, 2, 90 %, 1899 MiB, 124.63 W
2026/09/23 11:17:58.705, 3, 95 %, 1901 MiB, 119.07 W
2026/09/23 11:18:08.708, 0, 93 %, 1737 MiB, 134.36 W
2026/09/23 11:18:08.709, 1, 89 %, 1739 MiB, 128.31 W
2026/09/23 11:18:08.710, 2, 91 %, 1739 MiB, 132.60 W
2026/09/23 11:18:08.711, 3, 94 %, 1739 MiB, 134.76 W
2026/09/23 11:18:18.714, 0, 92 %, 1737 MiB, 136.78 W
2026/09/23 11:18:18.715, 1, 90 %, 1739 MiB, 128.40 W
2026/09/23 11:18:18.716, 2, 91 %, 1739 MiB, 131.73 W
2026/09/23 11:18:18.717, 3, 95 %, 1899 MiB, 130.59 W
2026/09/23 11:18:28.720, 0, 93 %, 1737 MiB, 137.26 W
2026/09/23 11:18:28.721, 1, 89 %, 1739 MiB, 123.09 W
2026/09/23 11:18:28.722, 2, 91 %, 1739 MiB, 123.10 W
2026/09/23 11:18:28.723, 3, 95 %, 1739 MiB, 121.00 W
2026/09/23 11:18:38.726, 0, 92 %, 1739 MiB, 142.38 W
2026/09/23 11:18:38.727, 1, 88 %, 1739 MiB, 137.38 W
2026/09/23 11:18:38.728, 2, 91 %, 1739 MiB, 138.41 W
2026/09/23 11:18:38.729, 3, 94 %, 1741 MiB, 139.19 W
2026/09/23 11:18:48.731, 0, 92 %, 1897 MiB, 131.46 W
2026/09/23 11:18:48.733, 1, 89 %, 1899 MiB, 118.35 W
2026/09/23 11:18:48.734, 2, 90 %, 1739 MiB, 120.76 W
2026/09/23 11:18:48.735, 3, 95 %, 1741 MiB, 117.21 W
2026/09/23 11:18:58.737, 0, 66 %, 1737 MiB, 80.70 W
2026/09/23 11:18:58.738, 1, 83 %, 1739 MiB, 75.26 W
2026/09/23 11:18:58.739, 2, 64 %, 1739 MiB, 81.78 W
2026/09/23 11:18:58.741, 3, 37 %, 1739 MiB, 83.62 W
2026/09/23 11:19:08.743, 0, 92 %, 1737 MiB, 142.38 W
2026/09/23 11:19:08.744, 1, 89 %, 1739 MiB, 128.31 W
2026/09/23 11:19:08.747, 2, 90 %, 1739 MiB, 129.79 W
2026/09/23 11:19:08.748, 3, 94 %, 1739 MiB, 127.69 W
2026/09/23 11:19:18.750, 0, 92 %, 1737 MiB, 133.88 W
2026/09/23 11:19:18.751, 1, 88 %, 1739 MiB, 128.79 W
2026/09/23 11:19:18.752, 2, 90 %, 1739 MiB, 133.18 W
2026/09/23 11:19:18.754, 3, 95 %, 1739 MiB, 135.24 W
2026/09/23 11:19:28.757, 0, 92 %, 1739 MiB, 134.84 W
2026/09/23 11:19:28.758, 1, 88 %, 1739 MiB, 121.24 W
2026/09/23 11:19:28.759, 2, 90 %, 1899 MiB, 122.61 W
2026/09/23 11:19:28.760, 3, 94 %, 1901 MiB, 121.97 W
2026/09/23 11:19:38.763, 0, 92 %, 1739 MiB, 141.51 W
2026/09/23 11:19:38.764, 1, 88 %, 1739 MiB, 136.90 W
2026/09/23 11:19:38.765, 2, 90 %, 1739 MiB, 136.96 W
2026/09/23 11:19:38.766, 3, 94 %, 1741 MiB, 139.10 W
2026/09/23 11:19:48.769, 0, 92 %, 1737 MiB, 123.90 W
2026/09/23 11:19:48.770, 1, 88 %, 1739 MiB, 113.19 W
2026/09/23 11:19:48.771, 2, 90 %, 1739 MiB, 113.08 W
2026/09/23 11:19:48.772, 3, 95 %, 1739 MiB, 111.48 W
2026/09/23 11:19:58.774, 0, 91 %, 1737 MiB, 137.26 W
2026/09/23 11:19:58.775, 1, 88 %, 1739 MiB, 125.02 W
2026/09/23 11:19:58.776, 2, 90 %, 1739 MiB, 126.00 W
2026/09/23 11:19:58.777, 3, 94 %, 1739 MiB, 123.42 W
2026/09/23 11:20:08.780, 0, 92 %, 1739 MiB, 141.03 W
2026/09/23 11:20:08.781, 1, 90 %, 1739 MiB, 136.80 W
2026/09/23 11:20:08.782, 2, 92 %, 1739 MiB, 141.21 W
2026/09/23 11:20:08.783, 3, 93 %, 1741 MiB, 139.01 W
2026/09/23 11:20:18.786, 0, 92 %, 1739 MiB, 146.24 W
2026/09/23 11:20:18.787, 1, 91 %, 1739 MiB, 139.88 W
2026/09/23 11:20:18.788, 2, 92 %, 1739 MiB, 137.92 W
2026/09/23 11:20:18.789, 3, 94 %, 1741 MiB, 129.62 W
2026/09/23 11:20:28.791, 0, 92 %, 1739 MiB, 147.59 W
2026/09/23 11:20:28.792, 1, 91 %, 1739 MiB, 141.62 W
2026/09/23 11:20:28.793, 2, 91 %, 1739 MiB, 144.60 W
2026/09/23 11:20:28.794, 3, 94 %, 1741 MiB, 141.51 W
2026/09/23 11:20:38.797, 0, 85 %, 1739 MiB, 144.79 W
2026/09/23 11:20:38.798, 1, 91 %, 1739 MiB, 139.21 W
2026/09/23 11:20:38.799, 2, 92 %, 1739 MiB, 141.21 W
2026/09/23 11:20:38.800, 3, 94 %, 1741 MiB, 140.84 W
2026/09/23 11:20:48.803, 0, 92 %, 1737 MiB, 137.74 W
2026/09/23 11:20:48.804, 1, 88 %, 1739 MiB, 127.43 W
2026/09/23 11:20:48.805, 2, 90 %, 1899 MiB, 126.00 W
2026/09/23 11:20:48.807, 3, 95 %, 1899 MiB, 125.35 W
2026/09/23 11:20:58.809, 0, 92 %, 1737 MiB, 82.21 W
2026/09/23 11:20:58.810, 1, 89 %, 1739 MiB, 76.77 W
2026/09/23 11:20:58.811, 2, 90 %, 1739 MiB, 78.43 W
2026/09/23 11:20:58.812, 3, 95 %, 1739 MiB, 77.84 W
2026/09/23 11:21:08.815, 0, 92 %, 1739 MiB, 137.74 W
2026/09/23 11:21:08.816, 1, 88 %, 1739 MiB, 126.95 W
2026/09/23 11:21:08.817, 2, 89 %, 1899 MiB, 128.82 W
2026/09/23 11:21:08.818, 3, 94 %, 1901 MiB, 121.08 W
2026/09/23 11:21:18.823, 0, 92 %, 1739 MiB, 141.51 W
2026/09/23 11:21:18.824, 1, 89 %, 1739 MiB, 134.49 W
2026/09/23 11:21:18.825, 2, 90 %, 1739 MiB, 138.41 W
2026/09/23 11:21:18.826, 3, 95 %, 1741 MiB, 138.52 W
2026/09/23 11:21:28.829, 0, 91 %, 1739 MiB, 140.55 W
2026/09/23 11:21:28.830, 1, 89 %, 1739 MiB, 134.97 W
2026/09/23 11:21:28.831, 2, 90 %, 1739 MiB, 137.92 W
2026/09/23 11:21:28.832, 3, 95 %, 1741 MiB, 138.62 W
2026/09/23 11:21:38.835, 0, 59 %, 1737 MiB, 131.95 W
2026/09/23 11:21:38.836, 1, 40 %, 1739 MiB, 125.50 W
2026/09/23 11:21:38.837, 2, 67 %, 1739 MiB, 129.22 W
2026/09/23 11:21:38.838, 3, 36 %, 1739 MiB, 132.43 W
2026/09/23 11:21:48.840, 0, 91 %, 1895 MiB, 133.00 W
2026/09/23 11:21:48.841, 1, 87 %, 1899 MiB, 120.28 W
2026/09/23 11:21:48.843, 2, 90 %, 1899 MiB, 120.76 W
2026/09/23 11:21:48.844, 3, 94 %, 1739 MiB, 122.53 W
2026/09/23 11:21:58.846, 0, 92 %, 1739 MiB, 135.81 W
2026/09/23 11:21:58.848, 1, 88 %, 1739 MiB, 129.27 W
2026/09/23 11:21:58.849, 2, 89 %, 1739 MiB, 133.57 W
2026/09/23 11:21:58.850, 3, 94 %, 1741 MiB, 135.72 W
2026/09/23 11:22:08.852, 0, 91 %, 1739 MiB, 81.24 W
2026/09/23 11:22:08.853, 1, 68 %, 1739 MiB, 75.80 W
2026/09/23 11:22:08.854, 2, 89 %, 1739 MiB, 77.46 W
2026/09/23 11:22:08.855, 3, 75 %, 1741 MiB, 77.36 W
2026/09/23 11:22:18.858, 0, 92 %, 1895 MiB, 132.52 W
2026/09/23 11:22:18.859, 1, 87 %, 1899 MiB, 117.94 W
2026/09/23 11:22:18.860, 2, 90 %, 1899 MiB, 118.82 W
2026/09/23 11:22:18.861, 3, 94 %, 1739 MiB, 119.15 W
2026/09/23 11:22:28.864, 0, 92 %, 1737 MiB, 137.74 W
2026/09/23 11:22:28.865, 1, 86 %, 1739 MiB, 127.91 W
2026/09/23 11:22:28.866, 2, 89 %, 1899 MiB, 127.46 W
2026/09/23 11:22:28.867, 3, 94 %, 1899 MiB, 125.84 W
2026/09/23 11:22:38.870, 0, 92 %, 1737 MiB, 133.00 W
2026/09/23 11:22:38.871, 1, 87 %, 1739 MiB, 125.42 W
2026/09/23 11:22:38.872, 2, 89 %, 1739 MiB, 130.27 W
2026/09/23 11:22:38.873, 3, 94 %, 1739 MiB, 134.36 W
2026/09/23 11:22:48.876, 0, 73 %, 1739 MiB, 136.29 W
2026/09/23 11:22:48.877, 1, 57 %, 1739 MiB, 123.57 W
2026/09/23 11:22:48.878, 2, 88 %, 1899 MiB, 122.13 W
2026/09/23 11:22:48.879, 3, 93 %, 1901 MiB, 124.39 W
2026/09/23 11:22:58.882, 0, 91 %, 1739 MiB, 136.78 W
2026/09/23 11:22:58.883, 1, 87 %, 1739 MiB, 126.47 W
2026/09/23 11:22:58.884, 2, 89 %, 1739 MiB, 129.39 W
2026/09/23 11:22:58.885, 3, 93 %, 1901 MiB, 128.17 W
2026/09/23 11:23:08.888, 0, 91 %, 1737 MiB, 141.12 W
2026/09/23 11:23:08.889, 1, 88 %, 1739 MiB, 123.57 W
2026/09/23 11:23:08.890, 2, 89 %, 1739 MiB, 126.00 W
2026/09/23 11:23:08.891, 3, 94 %, 1739 MiB, 124.39 W
2026/09/23 11:23:18.893, 0, 91 %, 1737 MiB, 135.72 W
2026/09/23 11:23:18.895, 1, 87 %, 1739 MiB, 126.38 W
2026/09/23 11:23:18.896, 2, 75 %, 1899 MiB, 124.55 W
2026/09/23 11:23:18.897, 3, 93 %, 1899 MiB, 125.27 W
2026/09/23 11:23:28.900, 0, 92 %, 1739 MiB, 132.52 W
2026/09/23 11:23:28.901, 1, 87 %, 1739 MiB, 124.54 W
2026/09/23 11:23:28.902, 2, 89 %, 1739 MiB, 129.79 W
2026/09/23 11:23:28.903, 3, 94 %, 1741 MiB, 132.91 W
2026/09/23 11:23:38.905, 0, 91 %, 1739 MiB, 133.88 W
2026/09/23 11:23:38.906, 1, 87 %, 1739 MiB, 127.83 W
2026/09/23 11:23:38.907, 2, 89 %, 1739 MiB, 131.64 W
2026/09/23 11:23:38.908, 3, 94 %, 1741 MiB, 135.24 W
2026/09/23 11:23:48.911, 0, 91 %, 1737 MiB, 139.10 W
2026/09/23 11:23:48.912, 1, 85 %, 1739 MiB, 131.60 W
2026/09/23 11:23:48.913, 2, 61 %, 1739 MiB, 134.93 W
2026/09/23 11:23:48.914, 3, 80 %, 1739 MiB, 136.11 W
2026/09/23 11:23:58.917, 0, 91 %, 1737 MiB, 138.13 W
2026/09/23 11:23:58.918, 1, 87 %, 1739 MiB, 132.56 W
2026/09/23 11:23:58.919, 2, 89 %, 1739 MiB, 135.99 W
2026/09/23 11:23:58.920, 3, 93 %, 1739 MiB, 138.13 W
2026/09/23 11:24:08.923, 0, 91 %, 1737 MiB, 89.44 W
2026/09/23 11:24:08.924, 1, 87 %, 1739 MiB, 82.54 W
2026/09/23 11:24:08.925, 2, 89 %, 1739 MiB, 84.21 W
2026/09/23 11:24:08.926, 3, 93 %, 1739 MiB, 84.10 W
2026/09/23 11:24:18.928, 0, 90 %, 1739 MiB, 140.55 W
2026/09/23 11:24:18.929, 1, 89 %, 1739 MiB, 131.68 W
2026/09/23 11:24:18.930, 2, 90 %, 1899 MiB, 131.81 W
2026/09/23 11:24:18.932, 3, 93 %, 1901 MiB, 131.55 W
2026/09/23 11:24:28.935, 0, 92 %, 1739 MiB, 145.76 W
2026/09/23 11:24:28.936, 1, 89 %, 1739 MiB, 138.73 W
2026/09/23 11:24:28.937, 2, 90 %, 1739 MiB, 143.63 W
2026/09/23 11:24:28.939, 3, 93 %, 1741 MiB, 143.83 W
2026/09/23 11:24:38.942, 0, 91 %, 1739 MiB, 147.69 W
2026/09/23 11:24:38.943, 1, 90 %, 1739 MiB, 142.10 W
2026/09/23 11:24:38.944, 2, 90 %, 1739 MiB, 145.08 W
2026/09/23 11:24:38.945, 3, 93 %, 1741 MiB, 143.83 W
2026/09/23 11:24:48.947, 0, 91 %, 1895 MiB, 134.84 W
2026/09/23 11:24:48.948, 1, 86 %, 1899 MiB, 122.69 W
2026/09/23 11:24:48.949, 2, 89 %, 1739 MiB, 121.24 W
2026/09/23 11:24:48.951, 3, 94 %, 1739 MiB, 120.03 W
2026/09/23 11:24:58.953, 0, 90 %, 1737 MiB, 141.60 W
2026/09/23 11:24:58.954, 1, 87 %, 1739 MiB, 126.47 W
2026/09/23 11:24:58.955, 2, 89 %, 1739 MiB, 126.00 W
2026/09/23 11:24:58.956, 3, 93 %, 1739 MiB, 128.17 W
2026/09/23 11:25:08.959, 0, 91 %, 1739 MiB, 136.29 W
2026/09/23 11:25:08.960, 1, 87 %, 1899 MiB, 121.73 W
2026/09/23 11:25:08.961, 2, 89 %, 1899 MiB, 124.15 W
2026/09/23 11:25:08.963, 3, 93 %, 1901 MiB, 122.53 W
2026/09/23 11:25:18.965, 0, 90 %, 1739 MiB, 82.38 W
2026/09/23 11:25:18.966, 1, 82 %, 1739 MiB, 76.44 W
2026/09/23 11:25:18.967, 2, 88 %, 1739 MiB, 78.10 W
2026/09/23 11:25:18.968, 3, 93 %, 1741 MiB, 78.00 W
2026/09/23 11:25:28.971, 0, 91 %, 1739 MiB, 141.89 W
2026/09/23 11:25:28.972, 1, 86 %, 1739 MiB, 134.45 W
2026/09/23 11:25:28.973, 2, 88 %, 1739 MiB, 137.32 W
2026/09/23 11:25:28.974, 3, 93 %, 1741 MiB, 139.47 W
2026/09/23 11:25:38.977, 0, 91 %, 1737 MiB, 137.62 W
2026/09/23 11:25:38.978, 1, 86 %, 1739 MiB, 128.25 W
2026/09/23 11:25:38.979, 2, 89 %, 1739 MiB, 131.19 W
2026/09/23 11:25:38.980, 3, 93 %, 1899 MiB, 132.38 W
2026/09/23 11:25:48.983, 0, 91 %, 1895 MiB, 132.03 W
2026/09/23 11:25:48.984, 1, 88 %, 1899 MiB, 119.88 W
2026/09/23 11:25:48.985, 2, 89 %, 1739 MiB, 119.87 W
2026/09/23 11:25:48.986, 3, 93 %, 1899 MiB, 113.90 W
2026/09/23 11:25:58.990, 0, 91 %, 1739 MiB, 141.51 W
2026/09/23 11:25:58.991, 1, 87 %, 1739 MiB, 134.97 W
2026/09/23 11:25:58.992, 2, 88 %, 1739 MiB, 138.41 W
2026/09/23 11:25:58.993, 3, 93 %, 1741 MiB, 139.58 W
2026/09/23 11:26:08.996, 0, 58 %, 1739 MiB, 130.98 W
2026/09/23 11:26:08.997, 1, 69 %, 1739 MiB, 125.90 W
2026/09/23 11:26:08.999, 2, 37 %, 1775 MiB, 130.19 W
2026/09/23 11:26:09.000, 3, 37 %, 1741 MiB, 133.31 W
2026/09/23 11:26:19.002, 0, 91 %, 1737 MiB, 143.44 W
2026/09/23 11:26:19.004, 1, 87 %, 1739 MiB, 136.90 W
2026/09/23 11:26:19.005, 2, 90 %, 1775 MiB, 138.89 W
2026/09/23 11:26:19.006, 3, 94 %, 1739 MiB, 141.03 W
2026/09/23 11:26:29.008, 0, 91 %, 1737 MiB, 143.35 W
2026/09/23 11:26:29.009, 1, 88 %, 1739 MiB, 133.13 W
2026/09/23 11:26:29.010, 2, 90 %, 1775 MiB, 131.24 W
2026/09/23 11:26:29.011, 3, 94 %, 1739 MiB, 133.97 W
2026/09/23 11:26:39.014, 0, 91 %, 1739 MiB, 139.58 W
2026/09/23 11:26:39.015, 1, 87 %, 1739 MiB, 131.12 W
2026/09/23 11:26:39.016, 2, 90 %, 1775 MiB, 137.92 W
2026/09/23 11:26:39.017, 3, 93 %, 1741 MiB, 139.10 W
2026/09/23 11:26:49.020, 0, 91 %, 1739 MiB, 142.96 W
2026/09/23 11:26:49.021, 1, 88 %, 1739 MiB, 136.90 W
2026/09/23 11:26:49.022, 2, 89 %, 1775 MiB, 139.86 W
2026/09/23 11:26:49.023, 3, 94 %, 1741 MiB, 139.58 W
2026/09/23 11:26:59.025, 0, 92 %, 1739 MiB, 142.96 W
2026/09/23 11:26:59.026, 1, 86 %, 1739 MiB, 125.50 W
2026/09/23 11:26:59.027, 2, 89 %, 1775 MiB, 126.97 W
2026/09/23 11:26:59.028, 3, 93 %, 1741 MiB, 127.29 W
2026/09/23 11:27:09.031, 0, 91 %, 1737 MiB, 140.06 W
2026/09/23 11:27:09.032, 1, 87 %, 1739 MiB, 133.52 W
2026/09/23 11:27:09.033, 2, 90 %, 1775 MiB, 136.38 W
2026/09/23 11:27:09.034, 3, 93 %, 1739 MiB, 139.10 W
2026/09/23 11:27:19.036, 0, 92 %, 1737 MiB, 133.97 W
2026/09/23 11:27:19.038, 1, 88 %, 1899 MiB, 119.31 W
2026/09/23 11:27:19.038, 2, 90 %, 1775 MiB, 121.24 W
2026/09/23 11:27:19.039, 3, 93 %, 1739 MiB, 122.05 W
2026/09/23 11:27:29.042, 0, 91 %, 1739 MiB, 143.35 W
2026/09/23 11:27:29.043, 1, 87 %, 1739 MiB, 130.24 W
2026/09/23 11:27:29.045, 2, 90 %, 1775 MiB, 130.27 W
2026/09/23 11:27:29.046, 3, 93 %, 1741 MiB, 132.52 W
2026/09/23 11:27:39.049, 0, 91 %, 1739 MiB, 138.62 W
2026/09/23 11:27:39.050, 1, 87 %, 1739 MiB, 131.60 W
2026/09/23 11:27:39.051, 2, 90 %, 1775 MiB, 135.51 W
2026/09/23 11:27:39.052, 3, 93 %, 1741 MiB, 138.62 W
2026/09/23 11:27:49.054, 0, 91 %, 1737 MiB, 134.36 W
2026/09/23 11:27:49.055, 1, 88 %, 1739 MiB, 127.83 W
2026/09/23 11:27:49.056, 2, 90 %, 1775 MiB, 130.67 W
2026/09/23 11:27:49.057, 3, 93 %, 1739 MiB, 134.84 W
2026/09/23 11:27:59.060, 0, 88 %, 1895 MiB, 134.36 W
2026/09/23 11:27:59.061, 1, 86 %, 1899 MiB, 121.24 W
2026/09/23 11:27:59.062, 2, 90 %, 1775 MiB, 122.13 W
2026/09/23 11:27:59.063, 3, 93 %, 1739 MiB, 123.02 W
2026/09/23 11:28:09.066, 0, 92 %, 1739 MiB, 148.65 W
2026/09/23 11:28:09.067, 1, 90 %, 1739 MiB, 140.65 W
2026/09/23 11:28:09.068, 2, 91 %, 1775 MiB, 143.63 W
2026/09/23 11:28:09.069, 3, 94 %, 1741 MiB, 145.76 W
2026/09/23 11:28:19.072, 0, 92 %, 1739 MiB, 141.60 W
2026/09/23 11:28:19.073, 1, 89 %, 1739 MiB, 131.20 W
2026/09/23 11:28:19.074, 2, 91 %, 1775 MiB, 133.09 W
2026/09/23 11:28:19.075, 3, 94 %, 1901 MiB, 135.51 W
2026/09/23 11:28:29.078, 0, 91 %, 1739 MiB, 146.72 W
2026/09/23 11:28:29.079, 1, 89 %, 1739 MiB, 140.17 W
2026/09/23 11:28:29.081, 2, 91 %, 1775 MiB, 144.11 W
2026/09/23 11:28:29.082, 3, 93 %, 1741 MiB, 145.27 W
2026/09/23 11:28:39.084, 0, 92 %, 1739 MiB, 124.87 W
2026/09/23 11:28:39.086, 1, 90 %, 1739 MiB, 114.56 W
2026/09/23 11:28:39.087, 2, 91 %, 1775 MiB, 115.02 W
2026/09/23 11:28:39.088, 3, 93 %, 1741 MiB, 111.96 W
2026/09/23 11:28:49.091, 0, 69 %, 1737 MiB, 132.03 W
2026/09/23 11:28:49.092, 1, 64 %, 1739 MiB, 123.17 W
2026/09/23 11:28:49.093, 2, 90 %, 1775 MiB, 127.37 W
2026/09/23 11:28:49.094, 3, 93 %, 1739 MiB, 132.43 W
2026/09/23 11:28:59.096, 0, 91 %, 1737 MiB, 135.81 W
2026/09/23 11:28:59.097, 1, 87 %, 1739 MiB, 129.76 W
2026/09/23 11:28:59.098, 2, 91 %, 1775 MiB, 131.15 W
2026/09/23 11:28:59.099, 3, 93 %, 1739 MiB, 136.68 W
2026/09/23 11:29:09.102, 0, 92 %, 1739 MiB, 137.26 W
2026/09/23 11:29:09.104, 1, 87 %, 1739 MiB, 129.76 W
2026/09/23 11:29:09.105, 2, 90 %, 1775 MiB, 132.60 W
2026/09/23 11:29:09.106, 3, 93 %, 1741 MiB, 137.65 W
2026/09/23 11:29:19.108, 0, 92 %, 1739 MiB, 137.74 W
2026/09/23 11:29:19.109, 1, 87 %, 1739 MiB, 127.83 W
2026/09/23 11:29:19.110, 2, 91 %, 1971 MiB, 127.46 W
2026/09/23 11:29:19.112, 3, 93 %, 1901 MiB, 127.29 W
2026/09/23 11:29:29.115, 0, 92 %, 1737 MiB, 137.65 W
2026/09/23 11:29:29.116, 1, 88 %, 1739 MiB, 127.35 W
2026/09/23 11:29:29.117, 2, 90 %, 1775 MiB, 132.21 W
2026/09/23 11:29:29.118, 3, 93 %, 1899 MiB, 131.64 W
2026/09/23 11:29:39.121, 0, 92 %, 1737 MiB, 134.84 W
2026/09/23 11:29:39.122, 1, 87 %, 1739 MiB, 127.35 W
2026/09/23 11:29:39.123, 2, 90 %, 1775 MiB, 132.12 W
2026/09/23 11:29:39.124, 3, 93 %, 1739 MiB, 135.81 W
2026/09/23 11:29:49.126, 0, 91 %, 1739 MiB, 134.84 W
2026/09/23 11:29:49.127, 1, 88 %, 1739 MiB, 127.91 W
2026/09/23 11:29:49.128, 2, 90 %, 1775 MiB, 133.18 W
2026/09/23 11:29:49.129, 3, 94 %, 1741 MiB, 134.84 W
2026/09/23 11:29:59.132, 0, 91 %, 1739 MiB, 144.41 W
2026/09/23 11:29:59.133, 1, 88 %, 1739 MiB, 133.61 W
2026/09/23 11:29:59.135, 2, 90 %, 1775 MiB, 132.21 W
2026/09/23 11:29:59.136, 3, 94 %, 1741 MiB, 133.97 W
2026/09/23 11:30:09.139, 0, 91 %, 1737 MiB, 142.86 W
2026/09/23 11:30:09.140, 1, 86 %, 1739 MiB, 134.49 W
2026/09/23 11:30:09.141, 2, 90 %, 1775 MiB, 137.05 W
2026/09/23 11:30:09.142, 3, 94 %, 1739 MiB, 135.90 W
2026/09/23 11:30:19.145, 0, 66 %, 1737 MiB, 81.73 W
2026/09/23 11:30:19.146, 1, 72 %, 1739 MiB, 75.80 W
2026/09/23 11:30:19.147, 2, 90 %, 1775 MiB, 77.46 W
2026/09/23 11:30:19.148, 3, 92 %, 1739 MiB, 77.36 W
2026/09/23 11:30:29.150, 0, 91 %, 1895 MiB, 135.33 W
2026/09/23 11:30:29.152, 1, 87 %, 1899 MiB, 121.73 W
2026/09/23 11:30:29.153, 2, 90 %, 1775 MiB, 122.69 W
2026/09/23 11:30:29.154, 3, 93 %, 1899 MiB, 123.50 W
2026/09/23 11:30:39.157, 0, 60 %, 1739 MiB, 144.41 W
2026/09/23 11:30:39.158, 1, 87 %, 1739 MiB, 129.76 W
2026/09/23 11:30:39.159, 2, 79 %, 1775 MiB, 132.69 W
2026/09/23 11:30:39.160, 3, 91 %, 1741 MiB, 132.03 W
2026/09/23 11:30:49.162, 0, 91 %, 1897 MiB, 129.70 W
2026/09/23 11:30:49.165, 1, 87 %, 1899 MiB, 116.01 W
2026/09/23 11:30:49.166, 2, 91 %, 1971 MiB, 117.44 W
2026/09/23 11:30:49.167, 3, 93 %, 1741 MiB, 115.83 W
2026/09/23 11:30:59.170, 0, 92 %, 1737 MiB, 132.91 W
2026/09/23 11:30:59.171, 1, 87 %, 1739 MiB, 126.86 W
2026/09/23 11:30:59.173, 2, 90 %, 1775 MiB, 132.21 W
2026/09/23 11:30:59.174, 3, 93 %, 1739 MiB, 133.31 W
2026/09/23 11:31:09.177, 0, 91 %, 1737 MiB, 138.71 W
2026/09/23 11:31:09.178, 1, 88 %, 1739 MiB, 129.76 W
2026/09/23 11:31:09.178, 2, 90 %, 1775 MiB, 134.06 W
2026/09/23 11:31:09.179, 3, 94 %, 1739 MiB, 136.20 W
2026/09/23 11:31:19.182, 0, 91 %, 1739 MiB, 140.06 W
2026/09/23 11:31:19.183, 1, 88 %, 1739 MiB, 133.04 W
2026/09/23 11:31:19.184, 2, 91 %, 1775 MiB, 137.44 W
2026/09/23 11:31:19.185, 3, 93 %, 1741 MiB, 139.10 W
2026/09/23 11:31:29.188, 0, 73 %, 1739 MiB, 81.73 W
2026/09/23 11:31:29.189, 1, 77 %, 1739 MiB, 75.80 W
2026/09/23 11:31:29.190, 2, 52 %, 1775 MiB, 77.46 W
2026/09/23 11:31:29.191, 3, 44 %, 1741 MiB, 77.36 W
2026/09/23 11:31:39.194, 0, 90 %, 1737 MiB, 140.06 W
2026/09/23 11:31:39.195, 1, 86 %, 1739 MiB, 133.52 W
2026/09/23 11:31:39.196, 2, 89 %, 1775 MiB, 137.44 W
2026/09/23 11:31:39.197, 3, 93 %, 1739 MiB, 140.06 W
2026/09/23 11:31:49.199, 0, 92 %, 1737 MiB, 139.58 W
2026/09/23 11:31:49.200, 1, 87 %, 1739 MiB, 131.12 W
2026/09/23 11:31:49.201, 2, 88 %, 1775 MiB, 136.47 W
2026/09/23 11:31:49.202, 3, 93 %, 1739 MiB, 138.04 W
2026/09/23 11:31:59.205, 0, 92 %, 1739 MiB, 144.31 W
2026/09/23 11:31:59.206, 1, 89 %, 1739 MiB, 137.77 W
2026/09/23 11:31:59.207, 2, 91 %, 1775 MiB, 142.18 W
2026/09/23 11:31:59.208, 3, 93 %, 1741 MiB, 144.41 W
2026/09/23 11:32:09.211, 0, 92 %, 1739 MiB, 148.17 W
2026/09/23 11:32:09.212, 1, 89 %, 1739 MiB, 141.62 W
2026/09/23 11:32:09.213, 2, 92 %, 1775 MiB, 144.60 W
2026/09/23 11:32:09.214, 3, 94 %, 1741 MiB, 143.83 W
2026/09/23 11:32:19.216, 0, 93 %, 1739 MiB, 86.53 W
2026/09/23 11:32:19.217, 1, 90 %, 1739 MiB, 79.68 W
2026/09/23 11:32:19.218, 2, 90 %, 1775 MiB, 81.35 W
2026/09/23 11:32:19.219, 3, 90 %, 1741 MiB, 81.24 W
2026/09/23 11:32:29.222, 0, 36 %, 1755 MiB, 82.16 W
2026/09/23 11:32:29.223, 1, 22 %, 1755 MiB, 76.24 W
2026/09/23 11:32:29.224, 2, 7 %, 1791 MiB, 77.89 W
2026/09/23 11:32:29.225, 3, 22 %, 1757 MiB, 78.28 W
2026/09/23 11:32:39.228, 0, 92 %, 1737 MiB, 142.86 W
2026/09/23 11:32:39.229, 1, 88 %, 1739 MiB, 135.93 W
2026/09/23 11:32:39.230, 2, 91 %, 1775 MiB, 139.38 W
2026/09/23 11:32:39.231, 3, 93 %, 1739 MiB, 141.03 W
2026/09/23 11:32:49.233, 0, 91 %, 1737 MiB, 134.45 W
2026/09/23 11:32:49.234, 1, 88 %, 1739 MiB, 124.94 W
2026/09/23 11:32:49.235, 2, 90 %, 1775 MiB, 131.15 W
2026/09/23 11:32:49.236, 3, 93 %, 1739 MiB, 134.27 W
2026/09/23 11:32:59.239, 0, 91 %, 1739 MiB, 142.96 W
2026/09/23 11:32:59.240, 1, 88 %, 1739 MiB, 134.49 W
2026/09/23 11:32:59.241, 2, 90 %, 1775 MiB, 138.32 W
2026/09/23 11:32:59.242, 3, 93 %, 1741 MiB, 140.45 W
2026/09/23 11:33:09.244, 0, 92 %, 1739 MiB, 129.13 W
2026/09/23 11:33:09.245, 1, 88 %, 1739 MiB, 124.54 W
2026/09/23 11:33:09.246, 2, 91 %, 1775 MiB, 129.79 W
2026/09/23 11:33:09.247, 3, 94 %, 1741 MiB, 133.00 W
2026/09/23 11:33:19.250, 0, 35 %, 1895 MiB, 123.42 W
2026/09/23 11:33:19.251, 1, 39 %, 1899 MiB, 111.74 W
2026/09/23 11:33:19.252, 2, 64 %, 1775 MiB, 112.11 W
2026/09/23 11:33:19.253, 3, 48 %, 1739 MiB, 112.45 W
2026/09/23 11:33:29.256, 0, 91 %, 1737 MiB, 140.55 W
2026/09/23 11:33:29.257, 1, 87 %, 1739 MiB, 135.93 W
2026/09/23 11:33:29.258, 2, 91 %, 1775 MiB, 137.35 W
2026/09/23 11:33:29.259, 3, 94 %, 1739 MiB, 139.97 W
2026/09/23 11:33:39.262, 0, 91 %, 1739 MiB, 142.96 W
2026/09/23 11:33:39.263, 1, 86 %, 1739 MiB, 134.49 W
2026/09/23 11:33:39.263, 2, 90 %, 1775 MiB, 137.83 W
2026/09/23 11:33:39.264, 3, 93 %, 1741 MiB, 141.03 W
2026/09/23 11:33:49.267, 0, 91 %, 1739 MiB, 138.71 W
2026/09/23 11:33:49.268, 1, 87 %, 1739 MiB, 127.35 W
2026/09/23 11:33:49.269, 2, 90 %, 1971 MiB, 129.79 W
2026/09/23 11:33:49.270, 3, 93 %, 1741 MiB, 129.70 W
2026/09/23 11:33:59.273, 0, 92 %, 1737 MiB, 141.90 W
2026/09/23 11:33:59.274, 1, 88 %, 1739 MiB, 135.45 W
2026/09/23 11:33:59.275, 2, 91 %, 1775 MiB, 138.50 W
2026/09/23 11:33:59.277, 3, 93 %, 1739 MiB, 140.16 W
2026/09/23 11:34:09.280, 0, 92 %, 1737 MiB, 137.65 W
2026/09/23 11:34:09.281, 1, 88 %, 1739 MiB, 126.38 W
2026/09/23 11:34:09.282, 2, 90 %, 1971 MiB, 126.49 W
2026/09/23 11:34:09.283, 3, 93 %, 1899 MiB, 129.22 W
2026/09/23 11:34:19.286, 0, 91 %, 1739 MiB, 138.11 W
2026/09/23 11:34:19.287, 1, 87 %, 1739 MiB, 126.72 W
2026/09/23 11:34:19.288, 2, 90 %, 1971 MiB, 127.79 W
2026/09/23 11:34:19.289, 3, 93 %, 1901 MiB, 128.51 W
2026/09/23 11:34:29.292, 0, 92 %, 1739 MiB, 142.37 W
2026/09/23 11:34:29.293, 1, 88 %, 1739 MiB, 127.29 W
2026/09/23 11:34:29.294, 2, 92 %, 1775 MiB, 124.96 W
2026/09/23 11:34:29.297, 3, 93 %, 1741 MiB, 123.26 W
2026/09/23 11:34:39.299, 0, 35 %, 1755 MiB, 81.84 W
2026/09/23 11:34:39.302, 1, 26 %, 1755 MiB, 75.90 W
2026/09/23 11:34:39.303, 2, 32 %, 1791 MiB, 77.61 W
2026/09/23 11:34:39.304, 3, 29 %, 1757 MiB, 77.95 W
2026/09/23 11:34:49.306, 0, 91 %, 1737 MiB, 136.20 W
2026/09/23 11:34:49.307, 1, 86 %, 1739 MiB, 126.47 W
2026/09/23 11:34:49.308, 2, 91 %, 1971 MiB, 127.94 W
2026/09/23 11:34:49.310, 3, 94 %, 1899 MiB, 127.77 W
2026/09/23 11:34:59.312, 0, 91 %, 1737 MiB, 133.40 W
2026/09/23 11:34:59.313, 1, 87 %, 1739 MiB, 127.35 W
2026/09/23 11:34:59.314, 2, 90 %, 1775 MiB, 131.24 W
2026/09/23 11:34:59.315, 3, 93 %, 1739 MiB, 135.33 W
2026/09/23 11:35:09.318, 0, 91 %, 1739 MiB, 132.91 W
2026/09/23 11:35:09.319, 1, 88 %, 1739 MiB, 125.90 W
2026/09/23 11:35:09.320, 2, 91 %, 1775 MiB, 132.21 W
2026/09/23 11:35:09.321, 3, 93 %, 1741 MiB, 133.88 W
2026/09/23 11:35:19.324, 0, 91 %, 1739 MiB, 132.03 W
2026/09/23 11:35:19.325, 1, 87 %, 1739 MiB, 119.39 W
2026/09/23 11:35:19.325, 2, 89 %, 1775 MiB, 120.27 W
2026/09/23 11:35:19.326, 3, 93 %, 1741 MiB, 121.08 W
2026/09/23 11:35:29.329, 0, 91 %, 1737 MiB, 131.55 W
2026/09/23 11:35:29.330, 1, 87 %, 1739 MiB, 119.39 W
2026/09/23 11:35:29.331, 2, 91 %, 1775 MiB, 120.76 W
2026/09/23 11:35:29.332, 3, 93 %, 1739 MiB, 118.26 W
2026/09/23 11:35:39.336, 0, 91 %, 1737 MiB, 139.58 W
2026/09/23 11:35:39.337, 1, 87 %, 1739 MiB, 134.01 W
2026/09/23 11:35:39.338, 2, 91 %, 1775 MiB, 136.87 W
2026/09/23 11:35:39.339, 3, 93 %, 1739 MiB, 138.04 W
2026/09/23 11:35:49.341, 0, 92 %, 1739 MiB, 148.65 W
2026/09/23 11:35:49.342, 1, 90 %, 1739 MiB, 134.09 W
2026/09/23 11:35:49.343, 2, 91 %, 1775 MiB, 133.66 W
2026/09/23 11:35:49.344, 3, 94 %, 1741 MiB, 129.62 W
2026/09/23 11:35:59.347, 0, 69 %, 1739 MiB, 108.09 W
2026/09/23 11:35:59.348, 1, 74 %, 1739 MiB, 104.91 W
2026/09/23 11:35:59.349, 2, 49 %, 1775 MiB, 113.00 W
2026/09/23 11:35:59.350, 3, 37 %, 1741 MiB, 116.65 W
2026/09/23 11:36:09.352, 0, 92 %, 1897 MiB, 138.71 W
2026/09/23 11:36:09.354, 1, 89 %, 1899 MiB, 125.99 W
2026/09/23 11:36:09.355, 2, 91 %, 1971 MiB, 126.00 W
2026/09/23 11:36:09.356, 3, 93 %, 1741 MiB, 131.55 W
2026/09/23 11:36:19.359, 0, 91 %, 1737 MiB, 137.74 W
2026/09/23 11:36:19.360, 1, 88 %, 1739 MiB, 128.88 W
2026/09/23 11:36:19.361, 2, 91 %, 1971 MiB, 130.36 W
2026/09/23 11:36:19.362, 3, 93 %, 1899 MiB, 129.13 W
2026/09/23 11:36:29.365, 0, 91 %, 1737 MiB, 133.48 W
2026/09/23 11:36:29.366, 1, 88 %, 1739 MiB, 124.06 W
2026/09/23 11:36:29.367, 2, 91 %, 1775 MiB, 128.25 W
2026/09/23 11:36:29.368, 3, 92 %, 1739 MiB, 133.88 W
2026/09/23 11:36:39.371, 0, 90 %, 1739 MiB, 136.78 W
2026/09/23 11:36:39.372, 1, 87 %, 1739 MiB, 129.27 W
2026/09/23 11:36:39.373, 2, 90 %, 1775 MiB, 133.57 W
2026/09/23 11:36:39.374, 3, 93 %, 1741 MiB, 137.17 W
2026/09/23 11:36:49.377, 0, 92 %, 1739 MiB, 137.26 W
2026/09/23 11:36:49.378, 1, 88 %, 1739 MiB, 123.09 W
2026/09/23 11:36:49.379, 2, 91 %, 1775 MiB, 124.15 W
2026/09/23 11:36:49.380, 3, 93 %, 1741 MiB, 124.39 W
2026/09/23 11:36:59.382, 0, 91 %, 1737 MiB, 139.67 W
2026/09/23 11:36:59.384, 1, 86 %, 1739 MiB, 124.14 W
2026/09/23 11:36:59.384, 2, 90 %, 1775 MiB, 125.52 W
2026/09/23 11:36:59.385, 3, 93 %, 1739 MiB, 124.87 W
2026/09/23 11:37:09.388, 0, 92 %, 1895 MiB, 134.93 W
2026/09/23 11:37:09.389, 1, 87 %, 1899 MiB, 121.24 W
2026/09/23 11:37:09.390, 2, 90 %, 1775 MiB, 122.13 W
2026/09/23 11:37:09.391, 3, 93 %, 1739 MiB, 123.02 W
2026/09/23 11:37:19.394, 0, 91 %, 1895 MiB, 134.93 W
2026/09/23 11:37:19.395, 1, 87 %, 1899 MiB, 121.64 W
2026/09/23 11:37:19.396, 2, 90 %, 1775 MiB, 121.24 W
2026/09/23 11:37:19.397, 3, 93 %, 1739 MiB, 121.57 W
2026/09/23 11:37:29.400, 0, 91 %, 1739 MiB, 143.44 W
2026/09/23 11:37:29.401, 1, 87 %, 1739 MiB, 135.36 W
2026/09/23 11:37:29.402, 2, 90 %, 1775 MiB, 139.38 W
2026/09/23 11:37:29.403, 3, 93 %, 1741 MiB, 140.64 W
2026/09/23 11:37:39.406, 0, 91 %, 1739 MiB, 143.35 W
2026/09/23 11:37:39.407, 1, 87 %, 1739 MiB, 136.32 W
2026/09/23 11:37:39.408, 2, 90 %, 1775 MiB, 135.51 W
2026/09/23 11:37:39.409, 3, 93 %, 1741 MiB, 133.88 W
2026/09/23 11:37:49.412, 0, 91 %, 1737 MiB, 138.22 W
2026/09/23 11:37:49.413, 1, 88 %, 1739 MiB, 128.88 W
2026/09/23 11:37:49.414, 2, 91 %, 1775 MiB, 132.78 W
2026/09/23 11:37:49.415, 3, 93 %, 1899 MiB, 130.10 W
2026/09/23 11:37:59.418, 0, 91 %, 1737 MiB, 138.62 W
2026/09/23 11:37:59.419, 1, 88 %, 1739 MiB, 133.61 W
2026/09/23 11:37:59.420, 2, 91 %, 1775 MiB, 137.53 W
2026/09/23 11:37:59.421, 3, 93 %, 1739 MiB, 139.10 W
2026/09/23 11:38:09.424, 0, 90 %, 1739 MiB, 142.48 W
2026/09/23 11:38:09.425, 1, 70 %, 1739 MiB, 135.45 W
2026/09/23 11:38:09.426, 2, 90 %, 1775 MiB, 138.32 W
2026/09/23 11:38:09.427, 3, 63 %, 1741 MiB, 140.06 W
2026/09/23 11:38:19.429, 0, 91 %, 1739 MiB, 143.92 W
2026/09/23 11:38:19.430, 1, 87 %, 1739 MiB, 135.45 W
2026/09/23 11:38:19.431, 2, 90 %, 1775 MiB, 135.02 W
2026/09/23 11:38:19.432, 3, 94 %, 1741 MiB, 133.40 W
2026/09/23 11:38:29.435, 0, 90 %, 1737 MiB, 137.17 W
2026/09/23 11:38:29.436, 1, 87 %, 1739 MiB, 130.72 W
2026/09/23 11:38:29.437, 2, 90 %, 1775 MiB, 133.09 W
2026/09/23 11:38:29.438, 3, 93 %, 1739 MiB, 136.68 W
2026/09/23 11:38:39.440, 0, 78 %, 1737 MiB, 136.20 W
2026/09/23 11:38:39.442, 1, 87 %, 1739 MiB, 128.71 W
2026/09/23 11:38:39.443, 2, 89 %, 1775 MiB, 133.57 W
2026/09/23 11:38:39.444, 3, 93 %, 1739 MiB, 137.17 W
2026/09/23 11:38:49.447, 0, 91 %, 1739 MiB, 137.74 W
2026/09/23 11:38:49.448, 1, 88 %, 1739 MiB, 125.99 W
2026/09/23 11:38:49.449, 2, 90 %, 1971 MiB, 126.49 W
2026/09/23 11:38:49.450, 3, 93 %, 1901 MiB, 128.25 W
2026/09/23 11:38:59.453, 0, 91 %, 1739 MiB, 143.35 W
2026/09/23 11:38:59.454, 1, 88 %, 1739 MiB, 136.02 W
2026/09/23 11:38:59.455, 2, 89 %, 1775 MiB, 138.89 W
2026/09/23 11:38:59.456, 3, 93 %, 1741 MiB, 136.78 W
2026/09/23 11:39:09.459, 0, 36 %, 1737 MiB, 138.71 W
2026/09/23 11:39:09.460, 1, 53 %, 1899 MiB, 122.69 W
2026/09/23 11:39:09.461, 2, 40 %, 1971 MiB, 124.63 W
2026/09/23 11:39:09.462, 3, 61 %, 1899 MiB, 122.93 W
2026/09/23 11:39:19.465, 0, 91 %, 1737 MiB, 143.44 W
2026/09/23 11:39:19.466, 1, 87 %, 1739 MiB, 134.97 W
2026/09/23 11:39:19.467, 2, 90 %, 1775 MiB, 139.38 W
2026/09/23 11:39:19.468, 3, 93 %, 1739 MiB, 140.55 W
2026/09/23 11:39:29.471, 0, 91 %, 1739 MiB, 149.14 W
2026/09/23 11:39:29.472, 1, 90 %, 1739 MiB, 135.90 W
2026/09/23 11:39:29.473, 2, 91 %, 1775 MiB, 136.04 W
2026/09/23 11:39:29.474, 3, 93 %, 1741 MiB, 133.84 W
2026/09/23 11:39:39.477, 0, 91 %, 1897 MiB, 137.62 W
2026/09/23 11:39:39.478, 1, 90 %, 1899 MiB, 124.47 W
2026/09/23 11:39:39.479, 2, 90 %, 1775 MiB, 128.85 W
2026/09/23 11:39:39.480, 3, 93 %, 1901 MiB, 117.85 W
2026/09/23 11:39:49.483, 0, 91 %, 1739 MiB, 149.53 W
2026/09/23 11:39:49.484, 1, 89 %, 1739 MiB, 142.48 W
2026/09/23 11:39:49.486, 2, 91 %, 1775 MiB, 144.11 W
2026/09/23 11:39:49.487, 3, 93 %, 1741 MiB, 144.79 W
2026/09/23 11:39:59.490, 0, 0 %, 1755 MiB, 82.16 W
2026/09/23 11:39:59.491, 1, 31 %, 1755 MiB, 76.24 W
2026/09/23 11:39:59.492, 2, 2 %, 1791 MiB, 77.89 W
2026/09/23 11:39:59.493, 3, 12 %, 1757 MiB, 77.79 W
2026/09/23 11:40:09.496, 0, 91 %, 1737 MiB, 134.45 W
2026/09/23 11:40:09.497, 1, 88 %, 1739 MiB, 115.61 W
2026/09/23 11:40:09.499, 2, 90 %, 1775 MiB, 118.90 W
2026/09/23 11:40:09.500, 3, 93 %, 1739 MiB, 115.28 W
2026/09/23 11:40:19.503, 0, 91 %, 1737 MiB, 133.97 W
2026/09/23 11:40:19.504, 1, 86 %, 1739 MiB, 119.31 W
2026/09/23 11:40:19.505, 2, 90 %, 1775 MiB, 120.35 W
2026/09/23 11:40:19.506, 3, 93 %, 1739 MiB, 120.60 W
2026/09/23 11:40:29.509, 0, 67 %, 1739 MiB, 139.97 W
2026/09/23 11:40:29.510, 1, 46 %, 1739 MiB, 134.01 W
2026/09/23 11:40:29.511, 2, 60 %, 1775 MiB, 136.38 W
2026/09/23 11:40:29.512, 3, 37 %, 1741 MiB, 139.49 W
2026/09/23 11:40:39.514, 0, 92 %, 1739 MiB, 138.71 W
2026/09/23 11:40:39.515, 1, 87 %, 1739 MiB, 130.81 W
2026/09/23 11:40:39.516, 2, 90 %, 1775 MiB, 134.15 W
2026/09/23 11:40:39.517, 3, 93 %, 1741 MiB, 138.13 W
2026/09/23 11:40:49.520, 0, 90 %, 1737 MiB, 135.02 W
2026/09/23 11:40:49.521, 1, 87 %, 1739 MiB, 120.28 W
2026/09/23 11:40:49.522, 2, 90 %, 1775 MiB, 119.71 W
2026/09/23 11:40:49.523, 3, 94 %, 1739 MiB, 119.63 W
2026/09/23 11:40:59.525, 0, 91 %, 1737 MiB, 131.46 W
2026/09/23 11:40:59.526, 1, 77 %, 1739 MiB, 120.36 W
2026/09/23 11:40:59.527, 2, 89 %, 1775 MiB, 119.38 W
2026/09/23 11:40:59.528, 3, 65 %, 1739 MiB, 115.28 W
2026/09/23 11:41:09.532, 0, 91 %, 1739 MiB, 142.96 W
2026/09/23 11:41:09.533, 1, 87 %, 1739 MiB, 129.27 W
2026/09/23 11:41:09.535, 2, 90 %, 1775 MiB, 130.76 W
2026/09/23 11:41:09.536, 3, 93 %, 1741 MiB, 131.15 W
2026/09/23 11:41:19.539, 0, 90 %, 1739 MiB, 141.90 W
2026/09/23 11:41:19.540, 1, 87 %, 1739 MiB, 134.49 W
2026/09/23 11:41:19.541, 2, 90 %, 1775 MiB, 138.89 W
2026/09/23 11:41:19.543, 3, 93 %, 1741 MiB, 140.55 W
2026/09/23 11:41:29.545, 0, 63 %, 1737 MiB, 139.10 W
2026/09/23 11:41:29.546, 1, 55 %, 1739 MiB, 128.31 W
2026/09/23 11:41:29.547, 2, 66 %, 1971 MiB, 128.82 W
2026/09/23 11:41:29.549, 3, 40 %, 1899 MiB, 127.69 W
2026/09/23 11:41:39.551, 0, 91 %, 1737 MiB, 137.65 W
2026/09/23 11:41:39.552, 1, 87 %, 1739 MiB, 132.08 W
2026/09/23 11:41:39.554, 2, 90 %, 1775 MiB, 135.51 W
2026/09/23 11:41:39.555, 3, 93 %, 1739 MiB, 138.62 W
2026/09/23 11:41:49.558, 0, 91 %, 1897 MiB, 133.09 W
2026/09/23 11:41:49.559, 1, 88 %, 1899 MiB, 120.76 W
2026/09/23 11:41:49.560, 2, 89 %, 1775 MiB, 123.18 W
2026/09/23 11:41:49.561, 3, 93 %, 1901 MiB, 119.15 W
2026/09/23 11:41:59.564, 0, 92 %, 1739 MiB, 138.13 W
2026/09/23 11:41:59.565, 1, 87 %, 1739 MiB, 127.83 W
2026/09/23 11:41:59.566, 2, 91 %, 1775 MiB, 133.66 W
2026/09/23 11:41:59.567, 3, 93 %, 1901 MiB, 132.43 W
2026/09/23 11:42:09.570, 0, 91 %, 1737 MiB, 140.16 W
2026/09/23 11:42:09.571, 1, 87 %, 1739 MiB, 133.61 W
2026/09/23 11:42:09.572, 2, 91 %, 1775 MiB, 136.96 W
2026/09/23 11:42:09.573, 3, 93 %, 1739 MiB, 138.04 W
2026/09/23 11:42:19.576, 0, 90 %, 1737 MiB, 136.87 W
2026/09/23 11:42:19.577, 1, 88 %, 1739 MiB, 128.71 W
2026/09/23 11:42:19.578, 2, 90 %, 1775 MiB, 131.64 W
2026/09/23 11:42:19.579, 3, 92 %, 1739 MiB, 136.20 W
2026/09/23 11:42:29.581, 0, 91 %, 1739 MiB, 138.62 W
2026/09/23 11:42:29.582, 1, 88 %, 1739 MiB, 128.79 W
2026/09/23 11:42:29.583, 2, 90 %, 1971 MiB, 128.82 W
2026/09/23 11:42:29.585, 3, 93 %, 1901 MiB, 128.65 W
2026/09/23 11:42:39.587, 0, 91 %, 1739 MiB, 81.73 W
2026/09/23 11:42:39.588, 1, 87 %, 1739 MiB, 75.80 W
2026/09/23 11:42:39.589, 2, 86 %, 1775 MiB, 77.46 W
2026/09/23 11:42:39.590, 3, 70 %, 1741 MiB, 77.36 W
2026/09/23 11:42:49.593, 0, 91 %, 1739 MiB, 132.43 W
2026/09/23 11:42:49.594, 1, 87 %, 1739 MiB, 125.90 W
2026/09/23 11:42:49.595, 2, 90 %, 1775 MiB, 129.31 W
2026/09/23 11:42:49.596, 3, 92 %, 1741 MiB, 132.34 W
2026/09/23 11:42:59.598, 0, 91 %, 1737 MiB, 131.95 W
2026/09/23 11:42:59.600, 1, 87 %, 1739 MiB, 122.05 W
2026/09/23 11:42:59.601, 2, 90 %, 1775 MiB, 127.86 W
2026/09/23 11:42:59.602, 3, 93 %, 1739 MiB, 131.38 W
2026/09/23 11:43:09.604, 0, 91 %, 1737 MiB, 134.84 W
2026/09/23 11:43:09.605, 1, 88 %, 1739 MiB, 127.26 W
2026/09/23 11:43:09.606, 2, 66 %, 1775 MiB, 134.63 W
2026/09/23 11:43:09.608, 3, 86 %, 1739 MiB, 137.26 W
2026/09/23 11:43:19.611, 0, 92 %, 1739 MiB, 148.27 W
2026/09/23 11:43:19.612, 1, 90 %, 1739 MiB, 129.76 W
2026/09/23 11:43:19.613, 2, 90 %, 1775 MiB, 129.88 W
2026/09/23 11:43:19.614, 3, 93 %, 1741 MiB, 132.03 W
2026/09/23 11:43:29.617, 0, 92 %, 1739 MiB, 82.70 W
2026/09/23 11:43:29.618, 1, 89 %, 1739 MiB, 76.77 W
2026/09/23 11:43:29.619, 2, 86 %, 1775 MiB, 77.95 W
2026/09/23 11:43:29.620, 3, 72 %, 1741 MiB, 78.33 W
2026/09/23 11:43:39.622, 0, 91 %, 1739 MiB, 147.20 W
2026/09/23 11:43:39.623, 1, 90 %, 1739 MiB, 141.13 W
2026/09/23 11:43:39.625, 2, 92 %, 1775 MiB, 143.15 W
2026/09/23 11:43:39.626, 3, 93 %, 1741 MiB, 145.27 W
2026/09/23 11:43:49.629, 0, 91 %, 1895 MiB, 132.52 W
2026/09/23 11:43:49.630, 1, 88 %, 1739 MiB, 120.36 W
2026/09/23 11:43:49.631, 2, 90 %, 1775 MiB, 119.30 W
2026/09/23 11:43:49.632, 3, 93 %, 1739 MiB, 116.32 W
2026/09/23 11:43:59.636, 0, 91 %, 1737 MiB, 136.68 W
2026/09/23 11:43:59.637, 1, 87 %, 1739 MiB, 128.79 W
2026/09/23 11:43:59.638, 2, 91 %, 1775 MiB, 135.60 W
2026/09/23 11:43:59.639, 3, 93 %, 1739 MiB, 135.63 W
2026/09/23 11:44:09.641, 0, 91 %, 1897 MiB, 136.29 W
2026/09/23 11:44:09.642, 1, 88 %, 1899 MiB, 121.32 W
2026/09/23 11:44:09.644, 2, 90 %, 1775 MiB, 120.35 W
2026/09/23 11:44:09.645, 3, 93 %, 1741 MiB, 119.07 W
2026/09/23 11:44:19.647, 0, 91 %, 1739 MiB, 135.90 W
2026/09/23 11:44:19.648, 1, 88 %, 1739 MiB, 129.36 W
2026/09/23 11:44:19.649, 2, 90 %, 1775 MiB, 132.12 W
2026/09/23 11:44:19.650, 3, 93 %, 1741 MiB, 133.79 W
2026/09/23 11:44:29.653, 0, 92 %, 1737 MiB, 132.52 W
2026/09/23 11:44:29.654, 1, 88 %, 1739 MiB, 119.39 W
2026/09/23 11:44:29.655, 2, 89 %, 1775 MiB, 116.96 W
2026/09/23 11:44:29.657, 3, 93 %, 1739 MiB, 115.83 W
2026/09/23 11:44:39.660, 0, 65 %, 1737 MiB, 141.51 W
2026/09/23 11:44:39.661, 1, 45 %, 1739 MiB, 126.95 W
2026/09/23 11:44:39.662, 2, 58 %, 1775 MiB, 127.94 W
2026/09/23 11:44:39.663, 3, 43 %, 1739 MiB, 127.69 W
2026/09/23 11:44:49.665, 0, 91 %, 1739 MiB, 142.96 W
2026/09/23 11:44:49.666, 1, 87 %, 1739 MiB, 134.97 W
2026/09/23 11:44:49.667, 2, 90 %, 1775 MiB, 137.83 W
2026/09/23 11:44:49.668, 3, 93 %, 1741 MiB, 139.97 W
2026/09/23 11:44:59.671, 0, 91 %, 1739 MiB, 141.51 W
2026/09/23 11:44:59.672, 1, 87 %, 1739 MiB, 132.56 W
2026/09/23 11:44:59.673, 2, 90 %, 1775 MiB, 137.92 W
2026/09/23 11:44:59.674, 3, 93 %, 1741 MiB, 139.49 W
2026/09/23 11:45:09.676, 0, 53 %, 1737 MiB, 142.38 W
2026/09/23 11:45:09.677, 1, 86 %, 1739 MiB, 135.84 W
2026/09/23 11:45:09.678, 2, 48 %, 1775 MiB, 138.32 W
2026/09/23 11:45:09.679, 3, 81 %, 1739 MiB, 137.74 W
2026/09/23 11:45:19.682, 0, 91 %, 1895 MiB, 134.54 W
2026/09/23 11:45:19.684, 1, 88 %, 1899 MiB, 118.91 W
2026/09/23 11:45:19.685, 2, 90 %, 1775 MiB, 120.84 W
2026/09/23 11:45:19.686, 3, 93 %, 1899 MiB, 116.73 W
2026/09/23 11:45:29.689, 0, 90 %, 1739 MiB, 139.67 W
2026/09/23 11:45:29.690, 1, 87 %, 1739 MiB, 132.08 W
2026/09/23 11:45:29.691, 2, 89 %, 1775 MiB, 135.02 W
2026/09/23 11:45:29.692, 3, 92 %, 1741 MiB, 138.13 W
2026/09/23 11:45:39.694, 0, 91 %, 1739 MiB, 141.60 W
2026/09/23 11:45:39.695, 1, 87 %, 1739 MiB, 134.97 W
2026/09/23 11:45:39.696, 2, 91 %, 1775 MiB, 136.96 W
2026/09/23 11:45:39.697, 3, 93 %, 1741 MiB, 139.58 W
2026/09/23 11:45:49.700, 0, 63 %, 1755 MiB, 81.73 W
2026/09/23 11:45:49.701, 1, 43 %, 1755 MiB, 75.80 W
2026/09/23 11:45:49.702, 2, 31 %, 1791 MiB, 77.95 W
2026/09/23 11:45:49.703, 3, 36 %, 1757 MiB, 77.84 W
2026/09/23 11:45:59.706, 0, 90 %, 1737 MiB, 138.71 W
2026/09/23 11:45:59.707, 1, 86 %, 1739 MiB, 126.38 W
2026/09/23 11:45:59.708, 2, 89 %, 1971 MiB, 128.82 W
2026/09/23 11:45:59.709, 3, 93 %, 1899 MiB, 128.65 W
2026/09/23 11:46:09.712, 0, 90 %, 1737 MiB, 135.42 W
2026/09/23 11:46:09.713, 1, 87 %, 1739 MiB, 126.86 W
2026/09/23 11:46:09.714, 2, 90 %, 1775 MiB, 132.60 W
2026/09/23 11:46:09.715, 3, 93 %, 1739 MiB, 134.76 W
2026/09/23 11:46:19.718, 0, 51 %, 1739 MiB, 141.90 W
2026/09/23 11:46:19.719, 1, 35 %, 1739 MiB, 135.45 W
2026/09/23 11:46:19.720, 2, 50 %, 1775 MiB, 136.87 W
2026/09/23 11:46:19.721, 3, 42 %, 1741 MiB, 141.03 W
2026/09/23 11:46:29.724, 0, 90 %, 1739 MiB, 141.03 W
2026/09/23 11:46:29.725, 1, 87 %, 1739 MiB, 125.50 W
2026/09/23 11:46:29.726, 2, 90 %, 1775 MiB, 125.03 W
2026/09/23 11:46:29.727, 3, 93 %, 1741 MiB, 127.77 W
2026/09/23 11:46:39.729, 0, 91 %, 1737 MiB, 143.44 W
2026/09/23 11:46:39.730, 1, 87 %, 1739 MiB, 135.45 W
2026/09/23 11:46:39.731, 2, 91 %, 1775 MiB, 137.92 W
2026/09/23 11:46:39.732, 3, 93 %, 1739 MiB, 138.71 W
2026/09/23 11:46:49.735, 0, 91 %, 1737 MiB, 142.86 W
2026/09/23 11:46:49.736, 1, 87 %, 1739 MiB, 132.08 W
2026/09/23 11:46:49.737, 2, 90 %, 1775 MiB, 132.21 W
2026/09/23 11:46:49.738, 3, 94 %, 1739 MiB, 133.00 W
2026/09/23 11:46:59.741, 0, 38 %, 1739 MiB, 123.82 W
2026/09/23 11:46:59.742, 1, 56 %, 1899 MiB, 111.18 W
2026/09/23 11:46:59.743, 2, 39 %, 1971 MiB, 115.43 W
2026/09/23 11:46:59.744, 3, 55 %, 1901 MiB, 110.36 W
2026/09/23 11:47:09.747, 0, 92 %, 1739 MiB, 142.96 W
2026/09/23 11:47:09.748, 1, 89 %, 1739 MiB, 136.50 W
2026/09/23 11:47:09.749, 2, 91 %, 1775 MiB, 137.83 W
2026/09/23 11:47:09.750, 3, 93 %, 1741 MiB, 133.79 W
2026/09/23 11:47:19.753, 0, 92 %, 1739 MiB, 143.92 W
2026/09/23 11:47:19.754, 1, 89 %, 1739 MiB, 135.93 W
2026/09/23 11:47:19.755, 2, 91 %, 1775 MiB, 140.73 W
2026/09/23 11:47:19.756, 3, 93 %, 1741 MiB, 136.68 W
2026/09/23 11:47:29.758, 0, 91 %, 1737 MiB, 142.96 W
2026/09/23 11:47:29.759, 1, 87 %, 1739 MiB, 135.45 W
2026/09/23 11:47:29.760, 2, 91 %, 1775 MiB, 139.86 W
2026/09/23 11:47:29.762, 3, 93 %, 1739 MiB, 141.12 W
2026/09/23 11:47:39.765, 0, 91 %, 1737 MiB, 143.83 W
2026/09/23 11:47:39.766, 1, 86 %, 1739 MiB, 136.90 W
2026/09/23 11:47:39.767, 2, 89 %, 1775 MiB, 139.86 W
2026/09/23 11:47:39.768, 3, 93 %, 1739 MiB, 138.13 W
2026/09/23 11:47:49.770, 0, 51 %, 1739 MiB, 88.47 W
2026/09/23 11:47:49.771, 1, 63 %, 1739 MiB, 81.51 W
2026/09/23 11:47:49.772, 2, 43 %, 1775 MiB, 77.46 W
2026/09/23 11:47:49.773, 3, 78 %, 1741 MiB, 77.84 W
2026/09/23 11:47:59.776, 0, 91 %, 1739 MiB, 141.03 W
2026/09/23 11:47:59.777, 1, 87 %, 1739 MiB, 134.58 W
2026/09/23 11:47:59.778, 2, 90 %, 1775 MiB, 138.41 W
2026/09/23 11:47:59.780, 3, 93 %, 1741 MiB, 140.55 W
2026/09/23 11:48:09.784, 0, 91 %, 1737 MiB, 133.88 W
2026/09/23 11:48:09.785, 1, 87 %, 1739 MiB, 125.50 W
2026/09/23 11:48:09.786, 2, 90 %, 1775 MiB, 131.24 W
2026/09/23 11:48:09.787, 3, 93 %, 1739 MiB, 135.33 W
2026/09/23 11:48:19.789, 0, 90 %, 1737 MiB, 138.71 W
2026/09/23 11:48:19.790, 1, 87 %, 1739 MiB, 126.95 W
2026/09/23 11:48:19.791, 2, 90 %, 1775 MiB, 123.58 W
2026/09/23 11:48:19.793, 3, 93 %, 1739 MiB, 121.97 W
2026/09/23 11:48:29.796, 0, 90 %, 1739 MiB, 134.93 W
2026/09/23 11:48:29.797, 1, 87 %, 1739 MiB, 127.43 W
2026/09/23 11:48:29.798, 2, 90 %, 1775 MiB, 131.64 W
2026/09/23 11:48:29.799, 3, 93 %, 1741 MiB, 135.81 W
2026/09/23 11:48:39.801, 0, 91 %, 1739 MiB, 138.62 W
2026/09/23 11:48:39.802, 1, 87 %, 1739 MiB, 131.60 W
2026/09/23 11:48:39.803, 2, 90 %, 1775 MiB, 135.02 W
2026/09/23 11:48:39.804, 3, 93 %, 1741 MiB, 137.08 W
2026/09/23 11:48:49.807, 0, 91 %, 1737 MiB, 142.96 W
2026/09/23 11:48:49.808, 1, 87 %, 1739 MiB, 135.84 W
2026/09/23 11:48:49.809, 2, 89 %, 1775 MiB, 139.38 W
2026/09/23 11:48:49.810, 3, 93 %, 1739 MiB, 141.51 W
2026/09/23 11:48:59.813, 0, 49 %, 1737 MiB, 140.04 W
2026/09/23 11:48:59.814, 1, 41 %, 1739 MiB, 132.52 W
2026/09/23 11:48:59.815, 2, 53 %, 1775 MiB, 135.47 W
2026/09/23 11:48:59.816, 3, 43 %, 1739 MiB, 138.98 W
2026/09/23 11:49:09.818, 0, 91 %, 1737 MiB, 142.85 W
2026/09/23 11:49:09.819, 1, 87 %, 1739 MiB, 135.33 W
2026/09/23 11:49:09.820, 2, 91 %, 1775 MiB, 137.90 W
2026/09/23 11:49:09.821, 3, 93 %, 1739 MiB, 138.11 W
2026/09/23 11:49:19.824, 0, 91 %, 1739 MiB, 139.47 W
2026/09/23 11:49:19.825, 1, 87 %, 1739 MiB, 133.40 W
2026/09/23 11:49:19.826, 2, 90 %, 1775 MiB, 136.35 W
2026/09/23 11:49:19.827, 3, 93 %, 1741 MiB, 138.98 W
2026/09/23 11:49:29.829, 0, 91 %, 1739 MiB, 137.26 W
2026/09/23 11:49:29.831, 1, 87 %, 1899 MiB, 125.10 W
2026/09/23 11:49:29.832, 2, 90 %, 1971 MiB, 124.55 W
2026/09/23 11:49:29.833, 3, 93 %, 1901 MiB, 124.30 W
2026/09/23 11:49:39.836, 0, 90 %, 1737 MiB, 84.64 W
2026/09/23 11:49:39.837, 1, 87 %, 1739 MiB, 78.23 W
2026/09/23 11:49:39.838, 2, 90 %, 1775 MiB, 79.89 W
2026/09/23 11:49:39.839, 3, 93 %, 1739 MiB, 79.79 W
2026/09/23 11:49:49.842, 0, 91 %, 1737 MiB, 141.42 W
2026/09/23 11:49:49.843, 1, 88 %, 1739 MiB, 136.90 W
2026/09/23 11:49:49.845, 2, 90 %, 1775 MiB, 138.41 W
2026/09/23 11:49:49.846, 3, 92 %, 1739 MiB, 138.13 W
2026/09/23 11:49:59.849, 0, 90 %, 1897 MiB, 134.84 W
2026/09/23 11:49:59.850, 1, 88 %, 1899 MiB, 121.73 W
2026/09/23 11:49:59.851, 2, 89 %, 1775 MiB, 124.63 W
2026/09/23 11:49:59.852, 3, 93 %, 1901 MiB, 121.57 W
2026/09/23 11:50:09.855, 0, 69 %, 1739 MiB, 130.98 W
2026/09/23 11:50:09.856, 1, 54 %, 1739 MiB, 119.31 W
2026/09/23 11:50:09.857, 2, 67 %, 1775 MiB, 119.30 W
2026/09/23 11:50:09.857, 3, 93 %, 1741 MiB, 118.18 W
2026/09/23 11:50:19.860, 0, 91 %, 1737 MiB, 137.74 W
2026/09/23 11:50:19.861, 1, 88 %, 1739 MiB, 125.50 W
2026/09/23 11:50:19.862, 2, 90 %, 1775 MiB, 124.55 W
2026/09/23 11:50:19.863, 3, 93 %, 1739 MiB, 124.47 W
2026/09/23 11:50:29.866, 0, 90 %, 1737 MiB, 139.67 W
2026/09/23 11:50:29.867, 1, 88 %, 1739 MiB, 128.31 W
2026/09/23 11:50:29.868, 2, 91 %, 1971 MiB, 127.94 W
2026/09/23 11:50:29.869, 3, 93 %, 1899 MiB, 127.29 W
2026/09/23 11:50:39.872, 0, 91 %, 1739 MiB, 149.62 W
2026/09/23 11:50:39.873, 1, 90 %, 1739 MiB, 141.62 W
2026/09/23 11:50:39.874, 2, 90 %, 1775 MiB, 144.11 W
2026/09/23 11:50:39.875, 3, 93 %, 1741 MiB, 145.27 W
2026/09/23 11:50:49.877, 0, 92 %, 1739 MiB, 148.17 W
2026/09/23 11:50:49.879, 1, 90 %, 1739 MiB, 141.13 W
2026/09/23 11:50:49.880, 2, 91 %, 1775 MiB, 144.11 W
2026/09/23 11:50:49.880, 3, 93 %, 1741 MiB, 144.79 W
2026/09/23 11:50:59.883, 0, 92 %, 1739 MiB, 148.27 W
2026/09/23 11:50:59.884, 1, 90 %, 1739 MiB, 140.17 W
2026/09/23 11:50:59.885, 2, 91 %, 1775 MiB, 142.66 W
2026/09/23 11:50:59.886, 3, 93 %, 1741 MiB, 139.58 W
2026/09/23 11:51:09.889, 0, 64 %, 1737 MiB, 81.73 W
2026/09/23 11:51:09.890, 1, 75 %, 1773 MiB, 75.80 W
2026/09/23 11:51:09.891, 2, 63 %, 1775 MiB, 77.46 W
2026/09/23 11:51:09.892, 3, 89 %, 1739 MiB, 77.36 W
2026/09/23 11:51:19.894, 0, 90 %, 1737 MiB, 143.44 W
2026/09/23 11:51:19.895, 1, 88 %, 1773 MiB, 135.45 W
2026/09/23 11:51:19.896, 2, 89 %, 1775 MiB, 138.32 W
2026/09/23 11:51:19.897, 3, 92 %, 1739 MiB, 141.03 W
2026/09/23 11:51:29.900, 0, 91 %, 1739 MiB, 140.16 W
2026/09/23 11:51:29.901, 1, 88 %, 1773 MiB, 133.13 W
2026/09/23 11:51:29.902, 2, 89 %, 1775 MiB, 135.02 W
2026/09/23 11:51:29.903, 3, 93 %, 1741 MiB, 138.62 W
2026/09/23 11:51:39.906, 0, 91 %, 1739 MiB, 135.81 W
2026/09/23 11:51:39.907, 1, 87 %, 1773 MiB, 130.72 W
2026/09/23 11:51:39.909, 2, 89 %, 1775 MiB, 135.02 W
2026/09/23 11:51:39.910, 3, 92 %, 1741 MiB, 137.17 W
2026/09/23 11:51:49.912, 0, 91 %, 1737 MiB, 137.74 W
2026/09/23 11:51:49.914, 1, 88 %, 1773 MiB, 127.35 W
2026/09/23 11:51:49.915, 2, 90 %, 1971 MiB, 126.49 W
2026/09/23 11:51:49.916, 3, 93 %, 1899 MiB, 126.80 W
2026/09/23 11:51:59.919, 0, 91 %, 1737 MiB, 136.78 W
2026/09/23 11:51:59.921, 1, 88 %, 1967 MiB, 122.61 W
2026/09/23 11:51:59.923, 2, 89 %, 1971 MiB, 122.13 W
2026/09/23 11:51:59.924, 3, 93 %, 1899 MiB, 120.52 W
2026/09/23 11:52:09.927, 0, 90 %, 1739 MiB, 140.55 W
2026/09/23 11:52:09.928, 1, 87 %, 1773 MiB, 133.43 W
2026/09/23 11:52:09.930, 2, 88 %, 1775 MiB, 138.32 W
2026/09/23 11:52:09.931, 3, 92 %, 1741 MiB, 140.06 W
2026/09/23 11:52:19.934, 0, 48 %, 1897 MiB, 128.17 W
2026/09/23 11:52:19.935, 1, 54 %, 1773 MiB, 116.90 W
2026/09/23 11:52:19.936, 2, 42 %, 1971 MiB, 116.32 W
2026/09/23 11:52:19.937, 3, 70 %, 1741 MiB, 118.66 W
2026/09/23 11:52:29.939, 0, 90 %, 1739 MiB, 129.05 W
2026/09/23 11:52:29.940, 1, 87 %, 1773 MiB, 124.62 W
2026/09/23 11:52:29.941, 2, 88 %, 1775 MiB, 128.82 W
2026/09/23 11:52:29.942, 3, 92 %, 1741 MiB, 131.86 W
2026/09/23 11:52:39.945, 0, 90 %, 1737 MiB, 143.92 W
2026/09/23 11:52:39.947, 1, 88 %, 1773 MiB, 135.93 W
2026/09/23 11:52:39.948, 2, 88 %, 1775 MiB, 135.11 W
2026/09/23 11:52:39.949, 3, 92 %, 1739 MiB, 134.45 W
2026/09/23 11:52:49.951, 0, 91 %, 1737 MiB, 139.01 W
2026/09/23 11:52:49.952, 1, 88 %, 1773 MiB, 132.56 W
2026/09/23 11:52:49.953, 2, 89 %, 1775 MiB, 137.44 W
2026/09/23 11:52:49.954, 3, 92 %, 1739 MiB, 138.62 W
2026/09/23 11:52:59.957, 0, 90 %, 1739 MiB, 89.44 W
2026/09/23 11:52:59.958, 1, 87 %, 1773 MiB, 82.54 W
2026/09/23 11:52:59.959, 2, 89 %, 1775 MiB, 84.21 W
2026/09/23 11:52:59.960, 3, 92 %, 1741 MiB, 84.16 W
2026/09/23 11:53:09.963, 0, 91 %, 1739 MiB, 132.43 W
2026/09/23 11:53:09.964, 1, 87 %, 1773 MiB, 125.99 W
2026/09/23 11:53:09.965, 2, 89 %, 1775 MiB, 131.73 W
2026/09/23 11:53:09.967, 3, 92 %, 1741 MiB, 135.33 W
2026/09/23 11:53:19.970, 0, 90 %, 1737 MiB, 141.03 W
2026/09/23 11:53:19.971, 1, 87 %, 1773 MiB, 125.10 W
2026/09/23 11:53:19.972, 2, 89 %, 1775 MiB, 125.03 W
2026/09/23 11:53:19.973, 3, 92 %, 1739 MiB, 127.37 W
2026/09/23 11:53:29.975, 0, 60 %, 1737 MiB, 137.65 W
2026/09/23 11:53:29.977, 1, 49 %, 1773 MiB, 128.31 W
2026/09/23 11:53:29.978, 2, 63 %, 1775 MiB, 130.19 W
2026/09/23 11:53:29.979, 3, 93 %, 1899 MiB, 131.15 W
2026/09/23 11:53:39.982, 0, 90 %, 1739 MiB, 136.68 W
2026/09/23 11:53:39.983, 1, 88 %, 1773 MiB, 131.68 W
2026/09/23 11:53:39.984, 2, 89 %, 1775 MiB, 133.57 W
2026/09/23 11:53:39.985, 3, 92 %, 1741 MiB, 136.68 W
2026/09/23 11:53:49.988, 0, 91 %, 1739 MiB, 134.36 W
2026/09/23 11:53:49.989, 1, 87 %, 1773 MiB, 128.79 W
2026/09/23 11:53:49.991, 2, 88 %, 1775 MiB, 133.57 W
2026/09/23 11:53:49.992, 3, 92 %, 1741 MiB, 135.15 W
2026/09/23 11:53:59.994, 0, 90 %, 1737 MiB, 131.95 W
2026/09/23 11:53:59.995, 1, 88 %, 1773 MiB, 125.90 W
2026/09/23 11:53:59.996, 2, 89 %, 1775 MiB, 129.79 W
2026/09/23 11:53:59.997, 3, 93 %, 1739 MiB, 134.93 W
2026/09/23 11:54:10.000, 0, 77 %, 1737 MiB, 81.73 W
2026/09/23 11:54:10.001, 1, 88 %, 1773 MiB, 75.80 W
2026/09/23 11:54:10.002, 2, 78 %, 1775 MiB, 77.46 W
2026/09/23 11:54:10.003, 3, 54 %, 1739 MiB, 77.36 W
2026/09/23 11:54:20.006, 0, 91 %, 1739 MiB, 146.24 W
2026/09/23 11:54:20.007, 1, 89 %, 1773 MiB, 137.77 W
2026/09/23 11:54:20.008, 2, 90 %, 1775 MiB, 140.82 W
2026/09/23 11:54:20.009, 3, 93 %, 1741 MiB, 141.90 W
2026/09/23 11:54:30.011, 0, 92 %, 1739 MiB, 147.69 W
2026/09/23 11:54:30.012, 1, 90 %, 1773 MiB, 140.65 W
2026/09/23 11:54:30.014, 2, 92 %, 1775 MiB, 144.11 W
2026/09/23 11:54:30.015, 3, 93 %, 1741 MiB, 144.21 W
2026/09/23 11:54:40.018, 0, 91 %, 1739 MiB, 139.10 W
2026/09/23 11:54:40.019, 1, 90 %, 1773 MiB, 134.49 W
2026/09/23 11:54:40.020, 2, 91 %, 1775 MiB, 138.41 W
2026/09/23 11:54:40.021, 3, 93 %, 1741 MiB, 138.52 W
