timestamp, index, utilization.gpu [%], utilization.memory [%], memory.used [MiB], memory.total [MiB], power.draw [W]
2026/09/22 13:31:31.019, 0, 0 %, 0 %, 116 MiB, 143771 MiB, 80.18 W
2026/09/22 13:31:32.025, 0, 0 %, 0 %, 138 MiB, 143771 MiB, 80.22 W
2026/09/22 13:31:33.028, 0, 0 %, 0 %, 669 MiB, 143771 MiB, 116.40 W
2026/09/22 13:31:34.028, 0, 20 %, 1 %, 1151 MiB, 143771 MiB, 124.68 W
2026/09/22 13:31:35.028, 0, 18 %, 1 %, 2371 MiB, 143771 MiB, 126.17 W
2026/09/22 13:31:36.028, 0, 16 %, 0 %, 2005 MiB, 143771 MiB, 125.10 W
2026/09/22 13:31:37.029, 0, 30 %, 1 %, 2403 MiB, 143771 MiB, 125.82 W
2026/09/22 13:31:38.029, 0, 4 %, 0 %, 4871 MiB, 143771 MiB, 125.52 W
2026/09/22 13:31:39.029, 0, 0 %, 0 %, 5725 MiB, 143771 MiB, 124.91 W
2026/09/22 13:31:40.029, 0, 17 %, 1 %, 3797 MiB, 143771 MiB, 124.55 W
2026/09/22 13:31:41.029, 0, 40 %, 2 %, 4811 MiB, 143771 MiB, 130.56 W
2026/09/22 13:31:42.030, 0, 99 %, 4 %, 4811 MiB, 143771 MiB, 181.07 W
2026/09/22 13:31:43.030, 0, 99 %, 5 %, 4811 MiB, 143771 MiB, 184.95 W
2026/09/22 13:31:44.030, 0, 99 %, 5 %, 4811 MiB, 143771 MiB, 187.52 W
2026/09/22 13:31:45.030, 0, 99 %, 5 %, 4811 MiB, 143771 MiB, 187.83 W
2026/09/22 13:31:46.030, 0, 99 %, 5 %, 4811 MiB, 143771 MiB, 187.14 W
2026/09/22 13:31:47.030, 0, 99 %, 5 %, 4811 MiB, 143771 MiB, 182.08 W
2026/09/22 13:31:48.030, 0, 99 %, 5 %, 4811 MiB, 143771 MiB, 192.22 W
2026/09/22 13:31:49.030, 0, 99 %, 5 %, 4811 MiB, 143771 MiB, 191.81 W
2026/09/22 13:31:50.030, 0, 99 %, 5 %, 4811 MiB, 143771 MiB, 192.91 W
2026/09/22 13:31:51.031, 0, 99 %, 5 %, 4811 MiB, 143771 MiB, 192.12 W
2026/09/22 13:31:52.031, 0, 79 %, 3 %, 4811 MiB, 143771 MiB, 186.28 W
2026/09/22 13:31:53.031, 0, 99 %, 5 %, 4811 MiB, 143771 MiB, 191.88 W
2026/09/22 13:31:54.031, 0, 99 %, 4 %, 4811 MiB, 143771 MiB, 193.14 W
2026/09/22 13:31:55.031, 0, 99 %, 5 %, 4811 MiB, 143771 MiB, 194.04 W
2026/09/22 13:31:56.031, 0, 99 %, 5 %, 4811 MiB, 143771 MiB, 193.30 W
2026/09/22 13:31:57.031, 0, 99 %, 5 %, 4811 MiB, 143771 MiB, 192.53 W
2026/09/22 13:31:58.031, 0, 99 %, 5 %, 4811 MiB, 143771 MiB, 187.74 W
2026/09/22 13:31:59.031, 0, 99 %, 5 %, 4811 MiB, 143771 MiB, 194.09 W
2026/09/22 13:32:00.031, 0, 99 %, 5 %, 4811 MiB, 143771 MiB, 194.04 W
2026/09/22 13:32:01.031, 0, 99 %, 5 %, 4811 MiB, 143771 MiB, 194.44 W
2026/09/22 13:32:02.032, 0, 99 %, 4 %, 4811 MiB, 143771 MiB, 194.11 W
2026/09/22 13:32:03.032, 0, 76 %, 3 %, 4811 MiB, 143771 MiB, 186.73 W
2026/09/22 13:32:04.032, 0, 99 %, 4 %, 5379 MiB, 143771 MiB, 194.95 W
2026/09/22 13:32:05.032, 0, 99 %, 5 %, 4947 MiB, 143771 MiB, 196.90 W
2026/09/22 13:32:06.032, 0, 99 %, 5 %, 4947 MiB, 143771 MiB, 195.43 W
2026/09/22 13:32:07.032, 0, 99 %, 4 %, 4947 MiB, 143771 MiB, 195.11 W
2026/09/22 13:32:08.032, 0, 99 %, 5 %, 4947 MiB, 143771 MiB, 196.75 W
2026/09/22 13:32:09.032, 0, 99 %, 5 %, 4947 MiB, 143771 MiB, 188.55 W
2026/09/22 13:32:10.032, 0, 99 %, 4 %, 4947 MiB, 143771 MiB, 194.54 W
2026/09/22 13:32:11.032, 0, 99 %, 5 %, 4947 MiB, 143771 MiB, 195.70 W
2026/09/22 13:32:12.032, 0, 99 %, 5 %, 4947 MiB, 143771 MiB, 196.38 W
2026/09/22 13:32:13.033, 0, 99 %, 5 %, 4947 MiB, 143771 MiB, 197.86 W
2026/09/22 13:32:14.033, 0, 76 %, 3 %, 4947 MiB, 143771 MiB, 190.46 W
2026/09/22 13:32:15.033, 0, 99 %, 5 %, 4947 MiB, 143771 MiB, 195.57 W
2026/09/22 13:32:16.033, 0, 99 %, 5 %, 4947 MiB, 143771 MiB, 196.78 W
2026/09/22 13:32:17.033, 0, 99 %, 5 %, 4947 MiB, 143771 MiB, 195.75 W
2026/09/22 13:32:18.033, 0, 99 %, 4 %, 4947 MiB, 143771 MiB, 196.94 W
2026/09/22 13:32:19.033, 0, 99 %, 5 %, 4947 MiB, 143771 MiB, 196.24 W
2026/09/22 13:32:20.033, 0, 99 %, 5 %, 4947 MiB, 143771 MiB, 190.54 W
2026/09/22 13:32:21.033, 0, 99 %, 5 %, 4947 MiB, 143771 MiB, 195.65 W
2026/09/22 13:32:22.033, 0, 99 %, 5 %, 4947 MiB, 143771 MiB, 197.22 W
2026/09/22 13:32:23.034, 0, 99 %, 5 %, 4947 MiB, 143771 MiB, 196.59 W
2026/09/22 13:32:24.034, 0, 99 %, 4 %, 4947 MiB, 143771 MiB, 197.29 W
2026/09/22 13:32:25.034, 0, 99 %, 5 %, 4947 MiB, 143771 MiB, 189.29 W
2026/09/22 13:32:26.034, 0, 99 %, 4 %, 4947 MiB, 143771 MiB, 195.88 W
2026/09/22 13:32:27.034, 0, 99 %, 5 %, 4947 MiB, 143771 MiB, 195.78 W
2026/09/22 13:32:28.034, 0, 99 %, 5 %, 4947 MiB, 143771 MiB, 196.46 W
2026/09/22 13:32:29.034, 0, 99 %, 5 %, 4947 MiB, 143771 MiB, 196.56 W
2026/09/22 13:32:30.034, 0, 99 %, 5 %, 4947 MiB, 143771 MiB, 194.83 W
2026/09/22 13:32:31.035, 0, 99 %, 5 %, 4947 MiB, 143771 MiB, 190.51 W
2026/09/22 13:32:32.035, 0, 99 %, 5 %, 4947 MiB, 143771 MiB, 196.15 W
2026/09/22 13:32:33.035, 0, 99 %, 5 %, 4947 MiB, 143771 MiB, 198.18 W
2026/09/22 13:32:34.035, 0, 99 %, 5 %, 4947 MiB, 143771 MiB, 197.32 W
2026/09/22 13:32:35.035, 0, 99 %, 5 %, 4947 MiB, 143771 MiB, 197.99 W
2026/09/22 13:32:36.035, 0, 99 %, 5 %, 4947 MiB, 143771 MiB, 190.97 W
2026/09/22 13:32:37.035, 0, 99 %, 5 %, 4947 MiB, 143771 MiB, 197.54 W
2026/09/22 13:32:38.035, 0, 99 %, 5 %, 4947 MiB, 143771 MiB, 197.80 W
2026/09/22 13:32:39.035, 0, 99 %, 5 %, 5651 MiB, 143771 MiB, 197.59 W
2026/09/22 13:32:40.035, 0, 99 %, 4 %, 4947 MiB, 143771 MiB, 197.21 W
2026/09/22 13:32:41.036, 0, 88 %, 4 %, 4947 MiB, 143771 MiB, 190.34 W
2026/09/22 13:32:42.036, 0, 99 %, 5 %, 4947 MiB, 143771 MiB, 197.03 W
2026/09/22 13:32:43.036, 0, 99 %, 5 %, 4947 MiB, 143771 MiB, 197.17 W
2026/09/22 13:32:44.036, 0, 99 %, 5 %, 4947 MiB, 143771 MiB, 198.67 W
2026/09/22 13:32:45.036, 0, 99 %, 5 %, 4947 MiB, 143771 MiB, 197.42 W
2026/09/22 13:32:46.036, 0, 99 %, 5 %, 4947 MiB, 143771 MiB, 194.68 W
2026/09/22 13:32:47.036, 0, 99 %, 4 %, 4947 MiB, 143771 MiB, 192.47 W
2026/09/22 13:32:48.036, 0, 99 %, 5 %, 4947 MiB, 143771 MiB, 196.60 W
2026/09/22 13:32:49.036, 0, 99 %, 5 %, 4947 MiB, 143771 MiB, 197.82 W
2026/09/22 13:32:50.036, 0, 99 %, 5 %, 4947 MiB, 143771 MiB, 197.35 W
2026/09/22 13:32:51.036, 0, 99 %, 5 %, 4947 MiB, 143771 MiB, 197.82 W
2026/09/22 13:32:52.037, 0, 99 %, 5 %, 4947 MiB, 143771 MiB, 191.18 W
2026/09/22 13:32:53.037, 0, 99 %, 5 %, 4947 MiB, 143771 MiB, 198.35 W
2026/09/22 13:32:54.037, 0, 99 %, 5 %, 4947 MiB, 143771 MiB, 197.04 W
2026/09/22 13:32:55.037, 0, 99 %, 5 %, 4947 MiB, 143771 MiB, 201.30 W
2026/09/22 13:32:56.037, 0, 99 %, 5 %, 4947 MiB, 143771 MiB, 198.32 W
2026/09/22 13:32:57.037, 0, 99 %, 4 %, 4947 MiB, 143771 MiB, 190.19 W
2026/09/22 13:32:58.037, 0, 99 %, 5 %, 4947 MiB, 143771 MiB, 198.29 W
2026/09/22 13:32:59.037, 0, 99 %, 5 %, 4947 MiB, 143771 MiB, 197.79 W
2026/09/22 13:33:00.037, 0, 99 %, 5 %, 4947 MiB, 143771 MiB, 197.91 W
2026/09/22 13:33:01.037, 0, 99 %, 5 %, 4947 MiB, 143771 MiB, 198.37 W
2026/09/22 13:33:02.037, 0, 76 %, 3 %, 4947 MiB, 143771 MiB, 191.02 W
2026/09/22 13:33:03.038, 0, 99 %, 5 %, 4947 MiB, 143771 MiB, 198.45 W
2026/09/22 13:33:04.038, 0, 99 %, 4 %, 4947 MiB, 143771 MiB, 198.39 W
2026/09/22 13:33:05.038, 0, 99 %, 5 %, 4947 MiB, 143771 MiB, 197.73 W
2026/09/22 13:33:06.038, 0, 99 %, 4 %, 4947 MiB, 143771 MiB, 197.38 W
2026/09/22 13:33:07.038, 0, 99 %, 5 %, 4947 MiB, 143771 MiB, 195.79 W
2026/09/22 13:33:08.038, 0, 99 %, 5 %, 4947 MiB, 143771 MiB, 191.44 W
2026/09/22 13:33:09.038, 0, 99 %, 5 %, 4947 MiB, 143771 MiB, 196.77 W
2026/09/22 13:33:10.038, 0, 99 %, 4 %, 4947 MiB, 143771 MiB, 198.40 W
2026/09/22 13:33:11.040, 0, 99 %, 5 %, 4947 MiB, 143771 MiB, 198.15 W
2026/09/22 13:33:12.041, 0, 99 %, 5 %, 4947 MiB, 143771 MiB, 198.86 W
2026/09/22 13:33:13.041, 0, 99 %, 5 %, 4947 MiB, 143771 MiB, 191.63 W
2026/09/22 13:33:14.041, 0, 99 %, 5 %, 4947 MiB, 143771 MiB, 198.52 W
2026/09/22 13:33:15.041, 0, 99 %, 5 %, 4947 MiB, 143771 MiB, 198.73 W
2026/09/22 13:33:16.041, 0, 99 %, 5 %, 4947 MiB, 143771 MiB, 198.56 W
2026/09/22 13:33:17.041, 0, 99 %, 5 %, 4947 MiB, 143771 MiB, 198.02 W
2026/09/22 13:33:18.041, 0, 83 %, 4 %, 4947 MiB, 143771 MiB, 191.10 W
2026/09/22 13:33:19.041, 0, 99 %, 5 %, 4947 MiB, 143771 MiB, 198.05 W
2026/09/22 13:33:20.041, 0, 99 %, 5 %, 4947 MiB, 143771 MiB, 198.60 W
2026/09/22 13:33:21.041, 0, 99 %, 5 %, 4947 MiB, 143771 MiB, 197.71 W
2026/09/22 13:33:22.043, 0, 99 %, 5 %, 4947 MiB, 143771 MiB, 198.43 W
2026/09/22 13:33:23.043, 0, 83 %, 4 %, 4947 MiB, 143771 MiB, 186.37 W
2026/09/22 13:33:24.044, 0, 99 %, 5 %, 4947 MiB, 143771 MiB, 196.04 W
2026/09/22 13:33:25.045, 0, 99 %, 5 %, 4947 MiB, 143771 MiB, 200.90 W
2026/09/22 13:33:26.047, 0, 99 %, 5 %, 4947 MiB, 143771 MiB, 198.62 W
2026/09/22 13:33:27.047, 0, 99 %, 5 %, 4947 MiB, 143771 MiB, 198.93 W
2026/09/22 13:33:28.047, 0, 88 %, 4 %, 4947 MiB, 143771 MiB, 191.77 W
2026/09/22 13:33:29.047, 0, 99 %, 5 %, 4947 MiB, 143771 MiB, 199.57 W
2026/09/22 13:33:30.047, 0, 99 %, 5 %, 4947 MiB, 143771 MiB, 199.24 W
2026/09/22 13:33:31.047, 0, 99 %, 5 %, 4947 MiB, 143771 MiB, 199.09 W
2026/09/22 13:33:32.047, 0, 99 %, 5 %, 4947 MiB, 143771 MiB, 199.12 W
2026/09/22 13:33:33.047, 0, 99 %, 5 %, 4947 MiB, 143771 MiB, 196.56 W
2026/09/22 13:33:34.047, 0, 99 %, 5 %, 4947 MiB, 143771 MiB, 191.34 W
2026/09/22 13:33:35.047, 0, 99 %, 5 %, 4947 MiB, 143771 MiB, 199.30 W
2026/09/22 13:33:36.048, 0, 99 %, 5 %, 4947 MiB, 143771 MiB, 198.87 W
2026/09/22 13:33:37.048, 0, 99 %, 5 %, 4947 MiB, 143771 MiB, 199.16 W
2026/09/22 13:33:38.048, 0, 99 %, 5 %, 4947 MiB, 143771 MiB, 199.26 W
2026/09/22 13:33:39.048, 0, 99 %, 5 %, 4947 MiB, 143771 MiB, 191.72 W
2026/09/22 13:33:40.048, 0, 99 %, 5 %, 4947 MiB, 143771 MiB, 199.76 W
2026/09/22 13:33:41.048, 0, 99 %, 5 %, 5651 MiB, 143771 MiB, 199.35 W
2026/09/22 13:33:42.048, 0, 99 %, 5 %, 4947 MiB, 143771 MiB, 198.96 W
2026/09/22 13:33:43.048, 0, 99 %, 5 %, 4947 MiB, 143771 MiB, 199.05 W
2026/09/22 13:33:44.048, 0, 99 %, 5 %, 4947 MiB, 143771 MiB, 191.51 W
2026/09/22 13:33:45.048, 0, 99 %, 5 %, 4947 MiB, 143771 MiB, 199.40 W
2026/09/22 13:33:46.049, 0, 99 %, 5 %, 4947 MiB, 143771 MiB, 199.97 W
2026/09/22 13:33:47.049, 0, 99 %, 5 %, 4947 MiB, 143771 MiB, 200.24 W
2026/09/22 13:33:48.049, 0, 99 %, 5 %, 4947 MiB, 143771 MiB, 200.82 W
2026/09/22 13:33:49.049, 0, 99 %, 5 %, 4947 MiB, 143771 MiB, 191.95 W
2026/09/22 13:33:50.049, 0, 99 %, 5 %, 5651 MiB, 143771 MiB, 201.00 W
2026/09/22 13:33:51.049, 0, 99 %, 5 %, 4947 MiB, 143771 MiB, 200.63 W
2026/09/22 13:33:52.049, 0, 99 %, 5 %, 4947 MiB, 143771 MiB, 200.68 W
2026/09/22 13:33:53.049, 0, 99 %, 5 %, 4947 MiB, 143771 MiB, 200.16 W
2026/09/22 13:33:54.049, 0, 83 %, 4 %, 4947 MiB, 143771 MiB, 191.46 W
2026/09/22 13:33:55.049, 0, 99 %, 5 %, 4947 MiB, 143771 MiB, 200.68 W
2026/09/22 13:33:56.049, 0, 99 %, 5 %, 4947 MiB, 143771 MiB, 200.06 W
2026/09/22 13:33:57.050, 0, 99 %, 5 %, 4947 MiB, 143771 MiB, 200.28 W
2026/09/22 13:33:58.050, 0, 99 %, 5 %, 4947 MiB, 143771 MiB, 199.98 W
2026/09/22 13:33:59.050, 0, 80 %, 3 %, 4947 MiB, 143771 MiB, 192.77 W
2026/09/22 13:34:00.050, 0, 99 %, 5 %, 4947 MiB, 143771 MiB, 199.70 W
2026/09/22 13:34:01.050, 0, 99 %, 5 %, 4947 MiB, 143771 MiB, 198.41 W
2026/09/22 13:34:02.050, 0, 99 %, 5 %, 4947 MiB, 143771 MiB, 201.32 W
2026/09/22 13:34:03.050, 0, 99 %, 5 %, 4947 MiB, 143771 MiB, 198.76 W
2026/09/22 13:34:04.050, 0, 99 %, 5 %, 4947 MiB, 143771 MiB, 197.25 W
2026/09/22 13:34:05.050, 0, 99 %, 5 %, 4947 MiB, 143771 MiB, 195.71 W
2026/09/22 13:34:06.050, 0, 99 %, 5 %, 4947 MiB, 143771 MiB, 200.07 W
2026/09/22 13:34:07.051, 0, 99 %, 5 %, 4947 MiB, 143771 MiB, 199.38 W
2026/09/22 13:34:08.051, 0, 99 %, 5 %, 4947 MiB, 143771 MiB, 200.56 W
2026/09/22 13:34:09.051, 0, 99 %, 5 %, 4947 MiB, 143771 MiB, 199.64 W
2026/09/22 13:34:10.051, 0, 99 %, 5 %, 4947 MiB, 143771 MiB, 193.32 W
2026/09/22 13:34:11.051, 0, 99 %, 5 %, 4947 MiB, 143771 MiB, 199.58 W
2026/09/22 13:34:12.051, 0, 99 %, 5 %, 4947 MiB, 143771 MiB, 201.52 W
2026/09/22 13:34:13.051, 0, 99 %, 5 %, 4947 MiB, 143771 MiB, 199.23 W
2026/09/22 13:34:14.051, 0, 99 %, 5 %, 4947 MiB, 143771 MiB, 202.49 W
2026/09/22 13:34:15.051, 0, 99 %, 5 %, 4947 MiB, 143771 MiB, 191.64 W
2026/09/22 13:34:16.051, 0, 99 %, 5 %, 4947 MiB, 143771 MiB, 200.72 W
2026/09/22 13:34:17.051, 0, 99 %, 5 %, 4947 MiB, 143771 MiB, 201.94 W
2026/09/22 13:34:18.052, 0, 99 %, 5 %, 4947 MiB, 143771 MiB, 198.73 W
2026/09/22 13:34:19.052, 0, 99 %, 5 %, 4947 MiB, 143771 MiB, 201.19 W
2026/09/22 13:34:20.052, 0, 99 %, 5 %, 4947 MiB, 143771 MiB, 192.18 W
2026/09/22 13:34:21.052, 0, 99 %, 5 %, 4947 MiB, 143771 MiB, 198.86 W
2026/09/22 13:34:22.052, 0, 99 %, 5 %, 4947 MiB, 143771 MiB, 201.11 W
2026/09/22 13:34:23.052, 0, 99 %, 5 %, 4947 MiB, 143771 MiB, 202.16 W
2026/09/22 13:34:24.052, 0, 99 %, 5 %, 4947 MiB, 143771 MiB, 198.27 W
2026/09/22 13:34:25.052, 0, 99 %, 5 %, 4947 MiB, 143771 MiB, 191.69 W
2026/09/22 13:34:26.052, 0, 99 %, 5 %, 4947 MiB, 143771 MiB, 202.00 W
2026/09/22 13:34:27.052, 0, 99 %, 5 %, 5651 MiB, 143771 MiB, 199.08 W
2026/09/22 13:34:28.052, 0, 99 %, 5 %, 4947 MiB, 143771 MiB, 198.41 W
2026/09/22 13:34:29.053, 0, 99 %, 5 %, 4947 MiB, 143771 MiB, 199.07 W
2026/09/22 13:34:30.053, 0, 98 %, 5 %, 4947 MiB, 143771 MiB, 193.85 W
2026/09/22 13:34:31.053, 0, 99 %, 5 %, 4947 MiB, 143771 MiB, 202.67 W
2026/09/22 13:34:32.053, 0, 99 %, 5 %, 4947 MiB, 143771 MiB, 199.07 W
2026/09/22 13:34:33.053, 0, 99 %, 5 %, 4947 MiB, 143771 MiB, 198.05 W
2026/09/22 13:34:34.053, 0, 99 %, 5 %, 4947 MiB, 143771 MiB, 198.44 W
2026/09/22 13:34:35.053, 0, 75 %, 3 %, 4947 MiB, 143771 MiB, 192.81 W
2026/09/22 13:34:36.053, 0, 99 %, 5 %, 4947 MiB, 143771 MiB, 201.01 W
2026/09/22 13:34:37.053, 0, 99 %, 5 %, 4947 MiB, 143771 MiB, 203.27 W
2026/09/22 13:34:38.053, 0, 99 %, 5 %, 4947 MiB, 143771 MiB, 199.01 W
2026/09/22 13:34:39.054, 0, 99 %, 5 %, 4947 MiB, 143771 MiB, 195.49 W
2026/09/22 13:34:40.054, 0, 99 %, 5 %, 4947 MiB, 143771 MiB, 196.05 W
2026/09/22 13:34:41.054, 0, 99 %, 5 %, 4947 MiB, 143771 MiB, 206.14 W
2026/09/22 13:34:42.054, 0, 99 %, 5 %, 4947 MiB, 143771 MiB, 206.82 W
2026/09/22 13:34:43.054, 0, 99 %, 5 %, 4947 MiB, 143771 MiB, 198.20 W
2026/09/22 13:34:44.054, 0, 99 %, 5 %, 4947 MiB, 143771 MiB, 203.36 W
2026/09/22 13:34:45.054, 0, 99 %, 5 %, 4947 MiB, 143771 MiB, 200.01 W
2026/09/22 13:34:46.054, 0, 99 %, 5 %, 4947 MiB, 143771 MiB, 199.98 W
2026/09/22 13:34:47.054, 0, 99 %, 5 %, 4947 MiB, 143771 MiB, 200.90 W
2026/09/22 13:34:48.054, 0, 99 %, 5 %, 4947 MiB, 143771 MiB, 201.04 W
2026/09/22 13:34:49.054, 0, 99 %, 5 %, 4947 MiB, 143771 MiB, 199.66 W
2026/09/22 13:34:50.055, 0, 99 %, 5 %, 4947 MiB, 143771 MiB, 199.85 W
2026/09/22 13:34:51.055, 0, 99 %, 5 %, 4947 MiB, 143771 MiB, 192.90 W
2026/09/22 13:34:52.055, 0, 99 %, 5 %, 4947 MiB, 143771 MiB, 197.95 W
2026/09/22 13:34:53.055, 0, 99 %, 5 %, 4947 MiB, 143771 MiB, 199.97 W
2026/09/22 13:34:54.055, 0, 99 %, 5 %, 4947 MiB, 143771 MiB, 202.37 W
2026/09/22 13:34:55.055, 0, 99 %, 5 %, 4947 MiB, 143771 MiB, 201.79 W
2026/09/22 13:34:56.055, 0, 99 %, 5 %, 4947 MiB, 143771 MiB, 194.31 W
2026/09/22 13:34:57.055, 0, 99 %, 5 %, 4947 MiB, 143771 MiB, 199.41 W
2026/09/22 13:34:58.055, 0, 99 %, 5 %, 4947 MiB, 143771 MiB, 198.42 W
2026/09/22 13:34:59.055, 0, 99 %, 5 %, 4947 MiB, 143771 MiB, 200.63 W
2026/09/22 13:35:00.056, 0, 99 %, 5 %, 4947 MiB, 143771 MiB, 201.44 W
2026/09/22 13:35:01.056, 0, 99 %, 5 %, 4947 MiB, 143771 MiB, 193.75 W
2026/09/22 13:35:02.056, 0, 96 %, 5 %, 4947 MiB, 143771 MiB, 193.70 W
2026/09/22 13:35:03.058, 0, 0 %, 0 %, 5651 MiB, 143771 MiB, 134.44 W
2026/09/22 13:35:04.058, 0, 75 %, 4 %, 143185 MiB, 143771 MiB, 153.60 W
2026/09/22 13:35:05.059, 0, 0 %, 0 %, 4947 MiB, 143771 MiB, 178.11 W
2026/09/22 13:35:06.063, 0, 0 %, 0 %, 4947 MiB, 143771 MiB, 132.79 W
2026/09/22 13:35:07.064, 0, 0 %, 0 %, 4947 MiB, 143771 MiB, 122.08 W
2026/09/22 13:35:08.064, 0, 0 %, 0 %, 143185 MiB, 143771 MiB, 183.07 W
2026/09/22 13:35:09.064, 0, 0 %, 0 %, 4947 MiB, 143771 MiB, 133.27 W
2026/09/22 13:35:10.078, 0, 0 %, 0 %, 4947 MiB, 143771 MiB, 121.96 W
2026/09/22 13:35:11.092, 0, 0 %, 0 %, 120 MiB, 143771 MiB, 122.27 W
2026/09/22 13:35:12.092, 0, 0 %, 0 %, 116 MiB, 143771 MiB, 112.14 W
